-- phpMyAdmin SQL Dump
-- version 5.2.0
-- https://www.phpmyadmin.net/
--
-- Host: 127.0.0.1:3306
-- Generation Time: Sep 01, 2024 at 12:07 PM
-- Server version: 5.7.40
-- PHP Version: 8.0.26

SET SQL_MODE = "NO_AUTO_VALUE_ON_ZERO";
START TRANSACTION;
SET time_zone = "+00:00";


/*!40101 SET @OLD_CHARACTER_SET_CLIENT=@@CHARACTER_SET_CLIENT */;
/*!40101 SET @OLD_CHARACTER_SET_RESULTS=@@CHARACTER_SET_RESULTS */;
/*!40101 SET @OLD_COLLATION_CONNECTION=@@COLLATION_CONNECTION */;
/*!40101 SET NAMES utf8mb4 */;

--
-- Database: `kultoura`
--

-- --------------------------------------------------------

--
-- Table structure for table `artifact_info`
--

DROP TABLE IF EXISTS `artifact_info`;
CREATE TABLE IF NOT EXISTS `artifact_info` (
  `artifact_id` int(11) NOT NULL AUTO_INCREMENT,
  `section_id` int(11) NOT NULL,
  `catalogue_id` int(11) DEFAULT NULL,
  `subcat_id` int(11) DEFAULT NULL,
  `name` text,
  `description` text,
  `condition` text,
  PRIMARY KEY (`artifact_id`),
  KEY `artisect_idx` (`section_id`),
  KEY `articat_idx` (`catalogue_id`),
  KEY `artisubcat_idx` (`subcat_id`)
) ENGINE=InnoDB AUTO_INCREMENT=1295 DEFAULT CHARSET=utf8mb4;

--
-- Dumping data for table `artifact_info`
--

INSERT INTO `artifact_info` (`artifact_id`, `section_id`, `catalogue_id`, `subcat_id`, `name`, `description`, `condition`) VALUES
(1, 1, NULL, NULL, 'House door', 'With surface carvings of animals and other designs', 'With crack and hole'),
(2, 1, NULL, NULL, 'Panel wall', 'With surface carvings of anthropomorphic designs', 'With woodworm holes and crack'),
(3, 1, NULL, NULL, 'Sliding panel door', 'With surface carvings of anthropomorphic designs', 'With cracks'),
(4, 1, NULL, NULL, 'Granary door', 'With surface carving of lizard design', 'With a small part damaged, crack'),
(5, 1, NULL, NULL, 'Post bu\'lul', 'Small post with bu\'lul carving', 'With hole at the base'),
(6, 1, NULL, NULL, 'Gong handle 1', 'With back-to-back anthropomorphic motif', 'No problem'),
(7, 1, NULL, NULL, 'Gong handle 2', 'With conjoined heads, neck and body', 'With crack at the base'),
(8, 1, NULL, NULL, 'Gong handle 3', 'Deer horn with anthropomorphic motif', 'No problem'),
(9, 1, NULL, NULL, 'Gong handle 4', 'Wooden horn with ear motif', 'No problem'),
(10, 1, NULL, NULL, 'Gong handle 5', 'With wooden human motif', 'With crack and broken feet'),
(11, 1, 2, 1, 'Kalaleng player', '', 'With crack'),
(12, 1, 2, 1, 'Rice pounder (set)', 'Male', 'No problem'),
(13, 1, 2, 1, 'Rice pounder (set)', 'Female', 'No problem'),
(14, 1, 2, 1, 'Sitting bu\'lul', 'Wood, dark brown', 'With crack'),
(15, 1, 2, 1, 'Igorot warrior', '', 'No problem'),
(16, 1, 2, 1, 'Warrior guardian', '', 'No problem'),
(17, 1, 2, 1, 'Ifugao couple (set)', 'Carvings with attires and accessories, Male', 'No problem'),
(18, 1, 2, 1, 'Ifugao couple (set)', 'Carvings with attires and accessories, Female', 'No problem'),
(19, 1, 2, 1, 'Deer hunter', 'H 23cm', 'No problem'),
(20, 1, 2, 1, 'Man smoking a pipe', '', 'With crack at the base'),
(21, 1, 2, 1, 'Standing bu\'lul with child', '', 'With crack'),
(22, 1, 2, 1, 'Philippine eagle', 'H 125cm', 'No problem'),
(23, 1, 2, 1, 'Head taker 1', '', 'No problem'),
(24, 1, 2, 1, 'Head taker 2', '', 'No problem'),
(25, 1, 2, 1, 'Igorot hunter', '', 'With crack at the base'),
(26, 1, 2, 1, 'Igorot banga trader', '', 'No problem'),
(27, 1, 2, 1, 'Igorot farmer on carabao back', '', 'With crack at the base'),
(28, 1, 2, 1, 'Terrace builder', '', 'No problem'),
(29, 1, 2, 1, 'Solibao player (set)', 'Drum player', 'No problem'),
(30, 1, 2, 1, 'Gangsa player (set)', 'Gong player', 'No problem'),
(31, 1, 2, 1, 'Carabao drawing a sled', '', 'Carabao horns are broken'),
(32, 1, 2, 1, 'Igorot couple with child (set)', 'Male', 'No problem'),
(33, 1, 2, 1, 'Igorot couple with child (set)', 'Female', 'No problem'),
(34, 1, 2, 1, 'Standing carabao', '', 'With crack; horns are broken'),
(35, 1, 2, 1, 'Mother at childbirth', '', 'With crack at the base'),
(36, 1, 2, 1, 'Thinking tinagtagu', 'H 56cm', 'With crack'),
(37, 1, 2, 1, 'Grandfather bu\'lul', 'H 122cm', 'With crack'),
(38, 1, 2, 1, 'Igorot thinker', '', 'No problem'),
(39, 1, 2, 1, 'Igorot couple (set)', 'With wooden hat', 'With crack in the hat (a)'),
(40, 1, 2, 1, 'Igorot couple (set)', 'With wooden hat', 'With crack at the base (b)'),
(41, 1, 2, 1, 'Igorot farmer', 'H 62cm', 'No problem'),
(42, 1, 2, 1, 'Tibanglan mask', 'Made of giant fern', 'No problem'),
(43, 1, 2, 1, 'Glorified Jesus', 'H 104cm', 'No problem'),
(44, 1, 2, 1, 'Tinagtago 1', 'H 101 cm', 'With crack'),
(45, 1, 2, 1, 'Tinagtago 2', 'H 61 cm', 'With crack'),
(46, 1, 2, 1, 'Tinagtago 3', 'H 151 cm', 'With crack'),
(47, 1, 2, 1, 'Thinking Igorot', 'H 15 cm', 'With crack'),
(48, 1, 2, 1, 'Sitting bu\'lul', 'H 39cm', 'With crack'),
(49, 1, 2, 1, 'Standing bu\'lul', 'H.72cm', 'With crack at the base'),
(50, 1, 2, 1, 'Rice wine gods with jar (set)', 'Male', ''),
(51, 1, 2, 1, 'Rice wine gods with jar (set)', 'Female', 'With crack at the base'),
(52, 1, 2, 2, 'Ifugao healing ritual with mumbaki: Wine offeror', 'Stone carvings, 4 pcs.', 'No problem'),
(53, 1, 2, 2, 'Ifugao healing ritual with mumbaki: Mother carrying sick child', 'Stone carvings, 4 pcs.', 'No problem'),
(54, 1, 2, 2, 'Ifugao healing ritual with mumbaki: Pig offeror', 'Stone carvings, 4 pcs.', 'No problem'),
(55, 1, 2, 2, 'Ifugao healing ritual with mumbaki: Gong beater', 'Stone carvings, 4 pcs.', 'No problem'),
(56, 1, 2, 2, 'Baki performers: Dancing and praying over the sacrificial pig', 'Wood carvings, 4 pcs.', 'No problem'),
(57, 1, 2, 2, 'Baki performers: Killing the ritual pig while invoking blessings of the ancestors represented by the pun\'amahan (offering boxifor ancestors)', 'Wood carvings, 4 pcs.', 'No problem'),
(58, 1, 2, 2, 'Baki performers: Bile augury', 'Wood carvings, 4 pcs.', 'With crack'),
(59, 1, 2, 2, 'Baki performers: Gong beaters', 'Wood carvings, 4 pcs.', 'No problem'),
(60, 1, 2, 2, 'Festival performers: Female dancer 1', 'Wood carvings, 9 pcs.', 'No problem'),
(61, 1, 2, 2, 'Festival performers: Female dancer 2', 'Wood carvings, 9 pcs.', 'No problem'),
(62, 1, 2, 2, 'Festival performers: Female dancer 3', 'Wood carvings, 9 pcs.', 'No problem'),
(63, 1, 2, 2, 'Festival performers: Male dancer 1', 'Wood carvings, 9 pcs.', 'No problem'),
(64, 1, 2, 2, 'Festival performers: Male dancer 2', 'Wood carvings, 9 pcs.', 'No problem'),
(65, 1, 2, 2, 'Festival performers: Male dancer 3', 'Wood carvings, 9 pcs.', 'No problem'),
(66, 1, 2, 2, 'Festival performers: Instrumentalist 1', 'Wood carvings, 9 pcs.', 'No problem'),
(67, 1, 2, 2, 'Festival performers: Instrumentalist 2', 'Wood carvings, 9 pcs.', 'No problem'),
(68, 1, 2, 2, 'Festival performers: Instrumentalist 3', 'Wood carvings, 9 pcs.', 'No problem'),
(69, 1, 2, 2, 'Him-mong performers (funeral for murdered person): The avenger', 'Wood carvings, 10 pcs.', 'No problem'),
(70, 1, 2, 2, 'Him-mong performers (funeral for murdered person): The body carrier', 'Wood carvings, 10 pcs.', 'With crack'),
(71, 1, 2, 2, 'Him-mong performers (funeral for murdered person): The head-taker', 'Wood carvings, 10 pcs.', 'No problem'),
(72, 1, 2, 2, 'Him-mong performers (funeral for murdered person): The warrior 1', 'Wood carvings, 10 pcs.', 'No problem'),
(73, 1, 2, 2, 'Him-mong performers (funeral for murdered person): The warrior 2', 'Wood carvings, 10 pcs.', 'No problem'),
(74, 1, 2, 2, 'Him-mong performers (funeral for murdered person): Bangibang (funeral clappers) player 1', 'Wood carvings, 10 pcs.', 'No problem'),
(75, 1, 2, 2, 'Him-mong performers (funeral for murdered person): Bangibang player 2', 'Wood carvings, 10 pcs.', 'No problem'),
(76, 1, 2, 2, 'Him-mong performers (funeral for murdered person): Bangibang player 3', 'Wood carvings, 10 pcs.', 'No problem'),
(77, 1, 2, 2, 'Him-mong performers (funeral for murdered person): Bangibang player 4', 'Wood carvings, 10 pcs.', 'No problem'),
(78, 1, 2, 2, 'Him-mong performers (funeral for murdered person): Bangibang player 5', 'Wood carvings, 10 pcs.', 'No problem'),
(79, 1, 2, 2, 'Ifugao village life depictions: Ifugao house and yard with men working on the dapilan (sugarcane presser), bukong (wooden bellows), and pandayan (anvil)', 'Miniature wood carvings, 6 pcs.', 'No problem'),
(80, 1, 2, 2, 'Ifugao village life depictions: Ifugao house and yard with rice paddies on background, and with bukong blower, rice pounder, and loom weaver', 'Miniature wood carvings, 6 pcs.', 'No problem'),
(81, 1, 2, 2, 'Ifugao village life depictions: Ifugao house and yard with a mother taking care of child, a woman weaving, and a wood carver', 'Miniature wood carvings, 6 pcs.', 'No problem'),
(82, 1, 2, 2, 'Ifugao village life depictions: Sitting bu\'lul', 'Miniature wood carvings, 6 pcs.', 'No problem'),
(83, 1, 2, 2, 'Ifugao village life depictions: Hanggor (arm-wrestling) contestants', 'Miniature wood carvings, 6 pcs.', 'No problem'),
(84, 1, 2, 3, 'Men on the warpath (Coffee table base)', '', 'No problem'),
(85, 1, 2, 3, 'Wooden mugs (set)', 'With anthropomorphic motif', 'No problem'),
(86, 1, 2, 3, 'Wooden mugs (set)', 'With anthropomorphic motif', 'No problem'),
(87, 1, 2, 3, 'Stylized chair', 'With bu\'lul design and grooves', 'No problem'),
(88, 1, 2, 3, 'Ash tray 1', '', 'With crack and breakage at the base'),
(89, 1, 2, 3, 'Ash tray 2', '', 'No problem'),
(90, 1, 2, 3, 'Stylized bench 1', 'With lizard carving and drum', 'No problem'),
(91, 1, 2, 3, 'Stylized bench 2', 'With drum on both sides', 'No problem'),
(92, 1, 2, 3, 'Stylized bench 3', 'With shelves 36\"\"', 'No problem'),
(93, 1, 2, 3, 'Stylized bench 4', 'With roof design', 'No problem'),
(94, 1, 2, 3, 'Stylized chairs (4 pcs.)', 'With ladder backrest', 'With crack'),
(95, 1, 2, 3, 'Stylized chairs (4 pcs.)', 'With ladder backrest', 'No problem'),
(96, 1, 2, 3, 'Stylized chairs (4 pcs.)', 'With ladder backrest', 'With crack'),
(97, 1, 2, 3, 'Stylized chairs (4 pcs.)', 'With ladder backrest', 'No problem'),
(98, 1, 2, 3, 'Offering bowl with two Ifugao mumbaki', '', 'No problem'),
(99, 1, 2, 3, 'Bookend (set) with Igorot male portrait carvings', '', 'No problem'),
(100, 1, 2, 3, 'Bookend (set) with Igorot female portrait carvings', '', 'No problem'),
(101, 1, 2, 4, 'Malakas at Maganda', 'Wood panel with surface carvings', 'No problem'),
(102, 1, 2, 4, 'Couple with dogs', 'Wood panel with surface carvings', 'No problem'),
(103, 1, 2, 5, 'The dead on a sangadil (death chair)', 'Solar painting (21cm L x 33cm W)', 'No problem'),
(104, 1, 2, 5, 'Igorot warrior defender', 'Solar painting (94cm L x 63.5cm W)', 'No problem'),
(105, 2, NULL, NULL, 'Gangsa 1 (set of 4)', 'Metal', 'Old, not resonant'),
(106, 2, NULL, NULL, 'Gangsa 2 (set of 4)', 'Metal', 'Old, not resonant'),
(107, 2, NULL, NULL, 'Gangsa 3 (set of 4)', 'Metal', 'Old, not resonant'),
(108, 2, NULL, NULL, 'Gangsa 4 (set of 4)', 'Metal', 'Old, not resonant'),
(109, 2, NULL, NULL, 'Gangsa 1 (set of 7)', 'Brass', 'No problem'),
(110, 2, NULL, NULL, 'Gangsa 2 (set of 7)', 'Brass', 'No problem'),
(111, 2, NULL, NULL, 'Gangsa 3 (set of 7)', 'Brass', 'No problem'),
(112, 2, NULL, NULL, 'Gangsa 4 (set of 7)', 'Brass', 'No problem'),
(113, 2, NULL, NULL, 'Gangsa 5 (set of 7)', 'Brass', 'No problem'),
(114, 2, NULL, NULL, 'Gangsa 6 (set of 7)', 'Brass', 'No problem'),
(115, 2, NULL, NULL, 'Gangsa 7 (set of 7)', 'Brass', 'No problem'),
(116, 2, NULL, NULL, 'Solibao 1', 'Long drum 1 (black)', 'Torn drum head; not functional'),
(117, 2, NULL, NULL, 'Solibao 2', 'Long drum 2 (black)', 'No problem'),
(118, 2, NULL, NULL, 'Solibao 3', 'Kalanguya drum (brown)', 'No problem'),
(119, 2, NULL, NULL, 'Solibao 4', 'Kalanguya drum (black)', 'No problem'),
(120, 2, NULL, NULL, 'Kalaleng 1 (Nose flute)', 'Brass', 'No problem'),
(121, 2, NULL, NULL, 'Kalaleng 2', 'Bamboo', 'No problem'),
(122, 2, NULL, NULL, 'Kalaleng 3', 'Bamboo', 'No problem'),
(123, 2, NULL, NULL, 'Kalaleng 4', 'Bamboo', 'No problem'),
(124, 2, NULL, NULL, 'Kalaleng 5', 'Bamboo', 'No problem'),
(125, 2, NULL, NULL, 'Kalaleng 6', 'Bamboo', 'No problem'),
(126, 2, NULL, NULL, 'Peyjong/ Baldong 1 (Mouth or lip valley notch flute)', 'Bamboo', 'No problem'),
(127, 2, NULL, NULL, 'Peyjong/ Baldong 2', 'Bamboo', 'No problem'),
(128, 2, NULL, NULL, 'Peyjong/ Baldong 3', 'Bamboo', 'No problem'),
(129, 2, NULL, NULL, 'Peyjong/ Baldong 4', 'Bamboo', 'No problem'),
(130, 2, NULL, NULL, 'Peyjong/ Baldong 5', 'Bamboo', 'No problem'),
(131, 2, NULL, NULL, 'Peyjong/ Baldong 6', 'Bamboo', 'No problem'),
(132, 2, NULL, NULL, 'Peyjong/ Baldong 7', 'Bamboo', 'No problem'),
(133, 2, NULL, NULL, 'Peyjong/ Baldong 8', 'Bamboo', 'No problem'),
(134, 2, NULL, NULL, 'Tambi 1', '', 'No problem'),
(135, 2, NULL, NULL, 'Tambi 2', '', 'No problem'),
(136, 2, NULL, NULL, 'Tambi 3', '', 'With crack'),
(137, 2, NULL, NULL, 'Tambi 4', '', 'No problem'),
(138, 2, NULL, NULL, 'Kulit-tong 1', '', 'No problem'),
(139, 2, NULL, NULL, 'Kubing 1', '', 'No problem'),
(140, 2, NULL, NULL, 'Kubing 2', '', 'No problem'),
(141, 2, NULL, NULL, 'Kubing 3', '', 'No problem'),
(142, 2, NULL, NULL, 'Tal-lak 1', '', 'No problem'),
(143, 2, NULL, NULL, 'Tal-lak 2', '', 'No problem'),
(144, 2, NULL, NULL, 'Tal-lak 3', '', 'No problem'),
(145, 2, NULL, NULL, 'Tal-lak 4', '', 'No problem'),
(146, 2, NULL, NULL, 'Tal-lak 5', '', 'With crack'),
(147, 2, NULL, NULL, 'Tal-lak 6', '', 'No problem'),
(148, 2, NULL, NULL, 'Tal-lak 7', '', 'With crack'),
(149, 2, NULL, NULL, 'Tal-lak 8', '', 'No problem'),
(150, 2, NULL, NULL, 'Tal-lak 9', '', 'No problem'),
(151, 2, NULL, NULL, 'Pistan 1', '', 'No problem'),
(152, 2, NULL, NULL, 'Pistan 2', '', 'No problem'),
(153, 2, NULL, NULL, 'Kelelek 1', '', 'With crack'),
(154, 2, NULL, NULL, 'Kelelek 2', '', 'No problem'),
(155, 2, NULL, NULL, 'Sulnog', '', 'No problem'),
(156, 2, NULL, NULL, 'Taluk', '', 'With crack'),
(157, 2, NULL, NULL, 'Patatag 1', '', 'No problem'),
(158, 2, NULL, NULL, 'Patatag 2', '', 'No problem'),
(159, 2, NULL, NULL, 'Patatag 3', '', 'No problem'),
(160, 2, NULL, NULL, 'Patatag 4', '', 'No problem'),
(161, 2, NULL, NULL, 'Patatag 5', '', 'No problem'),
(162, 2, NULL, NULL, 'Patatag 6', '', 'No problem'),
(163, 2, NULL, NULL, 'Patatag 7', '', 'No problem'),
(164, 2, NULL, NULL, 'Patatag 8', '', 'No problem'),
(165, 2, NULL, NULL, 'Patatag 9', '', 'No problem'),
(166, 2, NULL, NULL, 'Patatag 10', '', 'No problem'),
(167, 2, NULL, NULL, 'Patatag 11', '', 'No problem'),
(168, 2, NULL, NULL, 'Patatag 12', '', 'No problem'),
(169, 2, NULL, NULL, 'Patatag 13 (set)', '', 'No problem'),
(170, 2, NULL, NULL, 'Balingbing 1', '', 'Broken and not functional'),
(171, 2, NULL, NULL, 'Balingbing 2', '', 'Broken and not functional'),
(172, 2, NULL, NULL, 'Balingbing 3', '', 'Broken and not functional'),
(173, 2, NULL, NULL, 'Balingbing 4', '', 'Broken and not functional'),
(174, 2, NULL, NULL, 'Balingbing 5', '', 'Broken and not functional'),
(175, 2, NULL, NULL, 'Balingbing 6', '', 'Broken and not functional'),
(176, 2, NULL, NULL, 'Pakgong 1', '', 'Broken and not functional'),
(177, 2, NULL, NULL, 'Pakgong 2', '', 'No problem'),
(178, 2, NULL, NULL, 'Pakgong 3', '', 'Broken and not functional'),
(179, 2, NULL, NULL, 'Diwdiw-as 1', '', 'No problem'),
(180, 2, NULL, NULL, 'Diwdiw-as 2', '', 'No problem'),
(181, 2, NULL, NULL, 'Diwdiw-as 3', '', 'No problem'),
(182, 2, NULL, NULL, 'Diwdiw-as 4', '', 'No problem'),
(183, 2, NULL, NULL, 'Sagaypo 1', '', 'No problem'),
(184, 2, NULL, NULL, 'Sagaypo 2', '', 'No problem'),
(185, 2, NULL, NULL, 'Sagaypo 3', '', 'No problem'),
(186, 2, NULL, NULL, 'Sagaypo 4', '', 'No problem'),
(187, 2, NULL, NULL, 'Sagaypo 5', '', 'No problem'),
(188, 2, NULL, NULL, 'Sagaypo 6', '', 'No problem'),
(189, 2, NULL, NULL, 'Sagaypo 7', '', 'No problem'),
(190, 2, NULL, NULL, 'Sagaypo 8', '', 'No problem'),
(191, 2, NULL, NULL, 'Sagaypo 9', '', 'No problem'),
(192, 2, NULL, NULL, 'Sagaypo 10', '', 'No problem'),
(193, 2, NULL, NULL, 'Tungatong 1', '', 'No problem'),
(194, 2, NULL, NULL, 'Tungatong 2', '', 'No problem'),
(195, 2, NULL, NULL, 'Tungatong 3', '', 'No problem'),
(196, 2, NULL, NULL, 'Tungatong 4', '', 'No problem'),
(197, 2, NULL, NULL, 'Tungatong', '', 'No problem'),
(198, 2, NULL, NULL, 'Tungatong', '', 'No problem'),
(199, 2, NULL, NULL, 'Tungatong', '', 'No problem'),
(200, 2, NULL, NULL, 'Tungatong', '', 'No problem'),
(201, 2, NULL, NULL, 'Tungatong', '', 'No problem'),
(202, 2, NULL, NULL, 'Tungatong', '', 'No problem'),
(203, 2, NULL, NULL, 'Tungatong', '', 'No problem'),
(204, 2, NULL, NULL, 'Tungatong', '', 'No problem'),
(205, 2, NULL, NULL, 'Tungatong', '', 'No problem'),
(206, 2, NULL, NULL, 'Tungatong', '', 'No problem'),
(207, 2, NULL, NULL, 'Tungatong', '', 'No problem'),
(208, 2, NULL, NULL, 'Tungatong', '', 'No problem'),
(209, 2, NULL, NULL, 'Pitang-gok 1', '', 'No problem'),
(210, 2, NULL, NULL, 'Pitang-gok 2', '', 'No problem'),
(211, 2, NULL, NULL, 'Pitang-gok 3', '', 'No problem'),
(212, 2, NULL, NULL, 'Pitang-gok 4', '', 'No problem'),
(213, 2, NULL, NULL, 'Pitang-gok 5', '', 'With crack'),
(214, 2, NULL, NULL, 'Pitang-gok 6', '', 'No problem'),
(215, 2, NULL, NULL, 'Pitang-gok 7', '', 'No problem'),
(216, 2, NULL, NULL, 'Ageldang/ Akelshang', 'Wood frame and nylon strings', 'No problem'),
(217, 2, NULL, NULL, 'Tangguyob 1', '', 'No problem'),
(218, 2, NULL, NULL, 'Tangguyob 2', '', 'No problem'),
(219, 2, NULL, NULL, 'Tangguyob 3', '', 'No problem'),
(220, 2, NULL, NULL, 'Tangguyob 4', '', 'No problem'),
(221, 2, NULL, NULL, 'Rainmaker 1', 'Bamboo tube with pebbles', 'No problem'),
(222, 2, NULL, NULL, 'Rainmaker 2', 'Bamboo tube with pebbles', 'No problem'),
(223, 2, NULL, NULL, 'Rainmaker 3', 'Bamboo tube with pebbles', 'No problem'),
(224, 2, NULL, NULL, 'Rainmaker 4', 'Bamboo tube with pebbles', 'No problem'),
(225, 2, NULL, NULL, 'Kongkong', 'Bamboo tube with cut graduated notches', 'No problem'),
(226, 3, NULL, NULL, 'Forcos (Barlig, Mountain Province)', 'Bark loin cloth/ G-string', 'With tears'),
(227, 3, NULL, NULL, 'Forcos 2 (Barlig, Mountain Province)', 'Bark loin cloth/ G-string', 'No problem'),
(228, 3, NULL, NULL, 'Baag/ Wanes/ Kuba', 'Loin cloth/ G-string', 'With tears and holes'),
(229, 3, NULL, NULL, 'Ifugao jacket', 'Ifugao bark fiber jacket', 'No problem'),
(230, 3, NULL, NULL, 'Ifugao loin cloth with hip bag', '(Worn by male in Ifugao couple carvings)', 'No problem'),
(231, 3, NULL, NULL, 'Kalinga funeral loin cloth', 'Woven bark', 'No problem'),
(232, 3, NULL, NULL, 'Ifugao loin cloth', '', 'No problem'),
(233, 3, NULL, NULL, 'Abra loin cloth', '', 'No problem'),
(234, 3, NULL, NULL, 'Benguet loin cloth', '', 'No problem'),
(235, 3, NULL, NULL, 'Ifugao loin cloth', '', 'No problem'),
(236, 3, NULL, NULL, 'Kalinga loin cloth', '', 'No problem'),
(237, 3, NULL, NULL, 'Mountain Province loin cloth', '', 'No problem'),
(238, 3, NULL, NULL, 'Isnag loin cloth', '', 'No problem'),
(239, 3, NULL, NULL, 'Eten 1/ Aten/ Divit (Benguet tapis)', 'Green color', 'No problem'),
(240, 3, NULL, NULL, 'Eten 2/ Aten/ Divit (Benguet tapis)', 'Orange color', 'With tears'),
(241, 3, NULL, NULL, 'Eten 3/ Aten/ Divit (Benguet tapis)', 'With joints', 'No problem'),
(242, 3, NULL, NULL, 'Mountain Province tapis (1 set)', '', ''),
(243, 3, NULL, NULL, 'Mountain Province blouse (1 set)', '', 'With unstitched seam (b)'),
(244, 3, NULL, NULL, 'Bontoc tapis', 'With tinagtagu/ man-man motif', 'No problem'),
(245, 3, NULL, NULL, 'Pingay (Kankanaey tapis)', 'Long snake motif', 'No problem'),
(246, 3, NULL, NULL, 'Tapis/ Eten', 'With snake-man motif', 'With tears'),
(247, 3, NULL, NULL, 'Paracelis tapis', '', 'With unstitched seam'),
(248, 3, NULL, NULL, 'Kain (Kalinga tapis)', '', 'No problem'),
(249, 3, NULL, NULL, 'Tinguian tapis (Abra)', '', 'No problem'),
(250, 3, NULL, NULL, 'Tolge 1 (Ifugao tapis)', '', 'No problem'),
(251, 3, NULL, NULL, 'Tolge 2 (Ifugao tapis)', '', 'No problem'),
(252, 3, NULL, NULL, 'Tolge 3 (Ifugao tapis)', '', 'With unstitched seam'),
(253, 3, NULL, NULL, 'Ifugao tapis (1 set)', '(Worn by female in Ifugao couple carvings)', 'No problem'),
(254, 3, NULL, NULL, 'Ifugao blouse (1 set)', '(Worn by female in Ifugao couple carvings)', 'No problem'),
(255, 3, NULL, NULL, 'Bakget (Female belt)', 'Woven rattan', 'With little damaged part'),
(256, 3, NULL, NULL, 'Mayad 1 (Ifugao female belt)', '', 'No problem'),
(257, 3, NULL, NULL, 'Mayad 2 (Ifugao female belt)', '', 'No problem'),
(258, 3, NULL, NULL, 'Bakget/ Wakes (Mountain Province female belt)', 'With tassels', 'No problem'),
(259, 3, NULL, NULL, 'Kalinga tapis (1 set)', '', 'No problem'),
(260, 3, NULL, NULL, 'Kalinga blouse (1 set)', '', 'No problem'),
(261, 3, NULL, NULL, 'Abra tapis (1 set)', '', 'No problem'),
(262, 3, NULL, NULL, 'Abra blouse (1 set)', '', 'No problem'),
(263, 3, NULL, NULL, 'Apayao tapis (1 set)', '', 'No problem'),
(264, 3, NULL, NULL, 'Apayao blouse (1 set)', '', 'No problem'),
(265, 3, NULL, NULL, 'Benguet tapis (1 set)', '', 'No problem'),
(266, 3, NULL, NULL, 'Benguet blouse (1 set)', '', 'No problem'),
(267, 3, NULL, NULL, 'Ifugao tapis (1 set)', '', 'No problem'),
(268, 3, NULL, NULL, 'Ifugao blouse (1 set)', '', 'No problem'),
(269, 3, NULL, NULL, 'Bayaong (Ifugao blanket)', '', 'With tears'),
(270, 3, NULL, NULL, 'Paracelis blanket', '', 'No problem'),
(271, 3, NULL, NULL, 'Ifugao blanket', '', 'No problem'),
(272, 3, NULL, NULL, 'Mountain Province blanket', '', 'No problem'),
(273, 3, NULL, NULL, 'Abra blanket', '', 'No problem'),
(274, 3, NULL, NULL, 'Bayaong', '', 'No problem'),
(275, 3, NULL, NULL, 'Benguet and Mountain Province blanket', '', 'No problem'),
(276, 3, NULL, NULL, 'Kalinga blanket', '', 'No problem'),
(277, 3, NULL, NULL, 'Curtain', 'With Mountain Province motif', 'No problem'),
(278, 4, NULL, NULL, 'Ginut-to (Ifugao prestige belt)', 'Mother of pearl discs and cotton thread', 'No problem'),
(279, 4, NULL, NULL, 'Palangapang 1 (Necklace)', 'Shell', 'No problem'),
(280, 4, NULL, NULL, 'Palangapang 2', 'Mother of pearl & rattan', 'No problem'),
(281, 4, NULL, NULL, 'Palangapang 3', 'Aluminum and pig\'s teeth', 'No problem'),
(282, 4, NULL, NULL, 'Palangapang 4', 'Bamboo', 'No problem'),
(283, 4, NULL, NULL, 'Uway 1/ Buwaya (Necklace)', 'Wild boar teeth', 'No problem'),
(284, 4, NULL, NULL, 'Uway 2', 'Boar teeth', 'No problem'),
(285, 4, NULL, NULL, 'Uway 4', 'Animal teeth', 'No problem'),
(286, 4, NULL, NULL, 'Uway 5', 'Animal teeth', 'No problem'),
(287, 4, NULL, NULL, 'Uway 6', 'Wood', 'No problem'),
(288, 4, NULL, NULL, 'Tikam belt', 'Mother of pearl and metal chains', 'No problem'),
(289, 4, NULL, NULL, 'Gaddang beaded head cap', 'With pearl earrings', 'No problem'),
(290, 4, NULL, NULL, 'Tangkil (Arm choker)', 'Boar tusks and rattan', 'No problem'),
(291, 4, NULL, NULL, 'Tangkil & bul\'ul armlet', 'Boar tusks, rattan and wood', 'No problem'),
(292, 4, NULL, NULL, 'Giniling 1 (Wrist brass coils)', '', 'No problem'),
(293, 4, NULL, NULL, 'Giniling 2 (Thigh brass coils)', '', 'No problem'),
(294, 4, NULL, NULL, 'Sinalibubo/ Bedbed (Kankanaey male turban)', 'Woven cotton', 'No problem'),
(295, 4, NULL, NULL, 'Pungot (Head gear for the wealthy)', '', 'No problem'),
(296, 4, NULL, NULL, 'Balaka 1 (Bontoc head cap)', 'Woven rattan with feathers', 'No problem'),
(297, 4, NULL, NULL, 'Balaka 2 (Bontoc head cap)', '', 'No problem'),
(298, 4, NULL, NULL, 'Balaka 3 (Bontoc head cap)', 'Woven rattan with boar tusk', 'No problem'),
(299, 4, NULL, NULL, 'Sukyong 1/ Tukob (Bontoc head cap)', 'Woven rattan', 'No problem'),
(300, 4, NULL, NULL, 'Sukyong 2', 'Woven rattan', 'No problem'),
(301, 4, NULL, NULL, 'Sukyong 3', 'Woven rattan', 'No problem'),
(302, 4, NULL, NULL, 'Sukyong 4', 'Woven rattan', 'No problem'),
(303, 4, NULL, NULL, 'Sukyong 5', 'Woven rattan', 'No problem'),
(304, 4, NULL, NULL, 'Sukyong 6', 'Woven rattan', 'No problem'),
(305, 4, NULL, NULL, 'Pendant', 'Wild boar tooth', 'No problem'),
(306, 4, NULL, NULL, 'Ginut-to (Ifugao prestige belt with single-bladed bolo)', '', 'No problem'),
(307, 4, NULL, NULL, 'Ginut-to with hinalong (Ifugao prestige belt with double-bladed bolo)', '', 'No problem'),
(308, 4, NULL, NULL, 'Giniling (Brass coils)', '', 'No problem'),
(309, 4, NULL, NULL, 'Duli 1', 'Snake bone head lace', 'No problem'),
(310, 4, NULL, NULL, 'Duli 2', 'Snake bone head lace', 'No problem'),
(311, 4, NULL, NULL, 'Duli 3', 'Snake bone head lace', 'No problem'),
(312, 4, NULL, NULL, 'Duli 4', 'Snake bone head lace', 'No problem'),
(313, 4, NULL, NULL, 'Duli 5', 'Snake bone head lace', 'No problem'),
(314, 4, NULL, NULL, 'Duli 6', 'Snake bone head lace', 'No problem'),
(315, 4, NULL, NULL, 'Benge', 'Snake bone head lace', 'No problem'),
(316, 4, NULL, NULL, 'At-take', 'Ifugao bead necklace', 'No problem'),
(317, 4, NULL, NULL, 'Galantiya beads', 'Natonin bead necklace', 'No problem'),
(318, 4, NULL, NULL, 'Inag-agta', 'Choker', 'No problem'),
(319, 4, NULL, NULL, 'Dalisdis', 'Bracelet', 'No problem'),
(320, 4, NULL, NULL, 'Inak-akbeb 1', 'Choker necklace', 'No problem'),
(321, 4, NULL, NULL, 'Inak-akbeb 2', 'Triple strand beads', 'No problem'),
(322, 4, NULL, NULL, 'Inak-akbeb 3', 'Necklace', 'No problem'),
(323, 4, NULL, NULL, 'Inak-akbeb 4', 'Bracelet', 'No problem'),
(324, 4, NULL, NULL, 'Kinur-is', 'Striped bead necklace', 'No problem'),
(325, 4, NULL, NULL, 'Ong-ong', 'Triple strand bead necklace', 'No problem'),
(326, 4, NULL, NULL, 'Necklace', 'White shell beads', 'No problem'),
(327, 4, NULL, NULL, 'Tinali with lingling-o', 'Brass pendant or earring', 'No problem'),
(328, 4, NULL, NULL, 'Turqouise', 'Stone beads necklace', 'No problem'),
(329, 4, NULL, NULL, 'Bokas or fukas', 'Shell or Ivory necklace', 'No problem'),
(330, 4, NULL, NULL, 'Witawit', 'Pearl earrings', 'No problem'),
(331, 4, NULL, NULL, 'Bracelet', 'Black seeds', 'No problem'),
(332, 4, NULL, NULL, 'Duli', 'Snake bone bracelet', 'No problem'),
(333, 4, NULL, NULL, 'Bracelet', 'Multi-colored glass beads', 'No problem'),
(334, 4, NULL, NULL, 'Bracelet', 'Onyx stone beads', 'No problem'),
(335, 4, NULL, NULL, 'Tinali 1', 'Triple strand multi-colored beads bracelet', 'No problem'),
(336, 4, NULL, NULL, 'Tinali 2', 'Multi strand glass beads bracelet', 'No problem'),
(337, 4, NULL, NULL, 'Tinali 3', 'Multi strand glass beads bracelet', 'No problem'),
(338, 4, NULL, NULL, 'Jewelry basket', 'Woven bamboo and rattan case', 'No problem'),
(339, 4, NULL, NULL, 'Jewelry plate 1', 'Chinese ceramic plate', 'No problem'),
(340, 4, NULL, NULL, 'Jewelry plate 2', 'Chinese ceramic plate', 'No problem'),
(341, 4, NULL, NULL, 'Rattan jewelry basket', 'Woven rattan case', 'No problem'),
(342, 4, NULL, NULL, 'Kalinga jewelry basket', 'Rectangular bamboo case', 'No problem'),
(343, 5, NULL, NULL, 'Pasiking 1', 'Rattan backpack', 'No problem'),
(344, 5, NULL, NULL, 'Pasiking 2', 'Rattan backpack', 'No problem'),
(345, 5, NULL, NULL, 'Pasiking 3', 'Rattan backpack', 'No problem'),
(346, 5, NULL, NULL, 'Pasiking 4', 'Rattan backpack', 'No problem'),
(347, 5, NULL, NULL, 'Pasiking 5', 'Rattan backpack', 'No problem'),
(348, 5, NULL, NULL, 'Pasiking 6', 'Bangew-covered rattan backpack', 'No problem'),
(349, 5, NULL, NULL, 'Pahiking/ Akbot (Kalanguya)', 'Deer hide backpack', 'With hole'),
(350, 5, NULL, NULL, 'Kuppit 1', 'Shoulder bag with leather strap', 'With broken'),
(351, 5, NULL, NULL, 'Kuppit 2', '', 'With hole'),
(352, 5, NULL, NULL, 'Kuppit 3', 'Double layer with rubber strap', 'With hole and broken strap'),
(353, 5, NULL, NULL, 'Kuppit 4', 'Single layer without strap', 'With hole'),
(354, 5, NULL, NULL, 'Kuppit 5', 'Wire strap', 'With broken strap'),
(355, 5, NULL, NULL, 'Kuppit 6', 'With wooden first layer', 'Broken base'),
(356, 5, NULL, NULL, 'Kuppit 7', 'Three-layered basket without strap', 'No problem'),
(357, 5, NULL, NULL, 'Akupan', 'Shoulder cloth basket cum traveling basket', 'No problem'),
(358, 5, NULL, NULL, 'Uppit 1', 'Bamboo basket wallet cum handbag with strap', 'No problem'),
(359, 5, NULL, NULL, 'Uppit 2', 'Rattan wallet', 'No problem'),
(360, 5, NULL, NULL, 'Uppit 3', 'Rattan wallet with shoulder strap', 'No problem'),
(361, 5, NULL, NULL, 'Kappit', 'Rattan wallet/ case', 'No problem'),
(362, 5, NULL, NULL, 'Karpi', 'Woven bamboo and rattan case', 'No problem'),
(363, 5, NULL, NULL, 'Karpi 2', 'Woven bamboo and rattan case', 'No problem'),
(364, 5, NULL, NULL, 'Kullob', 'Woven bamboo and rattan case with wood cover', 'No problem'),
(365, 5, NULL, NULL, 'Uppig 2', 'Woven rattan wallet/ Basket', 'No problem'),
(366, 5, NULL, NULL, 'Uppit (Kappit) 1', 'Woven rattan wallet/ Basket', 'No problem'),
(367, 5, NULL, NULL, 'Uppit/ Kappit 2', 'Woven rattan wallet/ Basket', 'No problem'),
(368, 5, NULL, NULL, 'Uppit 5', 'Woven rattan wallet', 'No problem'),
(369, 5, NULL, NULL, 'Uppig 1', 'Woven rattan wallet/ Basket', 'No problem'),
(370, 5, NULL, NULL, 'Uppit/ Kappit 3', 'Woven rattan wallet/ case', 'No problem'),
(371, 5, NULL, NULL, 'Uppit 4', 'Woven rattan bag/ basket', 'With broken handle'),
(372, 5, NULL, NULL, 'Kuppit', 'With missing cover', 'With hole and broken handle'),
(373, 6, NULL, NULL, 'Inhabyan/ Inhabian (Ifugao typhoon goddess)', '', 'No problem'),
(374, 6, NULL, NULL, 'Bu\'lul (1 pair)', 'Ifugao rice granary guards with eyes made of shell', 'With crack'),
(375, 6, NULL, NULL, 'Bu\'lul (1 pair)', 'Ifugao rice granary guards with eyes made of shell', 'With crack'),
(376, 6, NULL, NULL, 'Tinagtagu', '', 'No problem'),
(377, 6, NULL, NULL, 'Tinagtagu (Mountain Province guardian)', '', 'With crack'),
(378, 6, NULL, NULL, 'Bu\'lul (1 pair)', 'Miniature sizes', 'No problem'),
(379, 6, NULL, NULL, 'Bu\'lul (1 pair)', 'Miniature sizes', 'No problem'),
(380, 6, NULL, NULL, 'Tinagtagu 6', '', 'With cracks at the head and basement'),
(381, 6, NULL, NULL, 'Dancing bu\'lul', '', 'No problem'),
(382, 6, NULL, NULL, 'Dancing bu\'lul', '', 'With crack'),
(383, 6, NULL, NULL, 'Standing bu\'lul or tinagtago', '', 'With crack'),
(384, 6, NULL, NULL, 'Pile 1 (Kadangyan bu\'lul)', '', 'No problem'),
(385, 6, NULL, NULL, 'Wigan & Bugan 1 (Tuwali bu\'lul)', 'Male', 'With hole at the head (a)'),
(386, 6, NULL, NULL, 'Wigan & Bugan 1 (Tuwali bu\'lul)', 'Female', 'With holes at the head and basement (b)'),
(387, 6, NULL, NULL, 'Tinagtagu 5', '', 'With crack'),
(388, 6, NULL, NULL, 'Household bu\'lul (1 pair), Ifugao family guardian for well being', '', 'With crack at the head and the basement (a)'),
(389, 6, NULL, NULL, 'Household bu\'lul (1 pair), Ifugao family guardian for well being', '', 'With crack at the basement (b)'),
(390, 6, NULL, NULL, 'Tinagtagu 4', '', 'With crack'),
(391, 6, NULL, NULL, 'Standing bu\'lul', '', 'With crack and woodborer holes'),
(392, 6, NULL, NULL, 'Granary bu\'lul', '', 'With crack and breakage at the base'),
(393, 6, NULL, NULL, 'Wigan & Bugan 2', 'Male', 'With crack and hole at the base (a)'),
(394, 6, NULL, NULL, 'Wigan & Bugan 2', 'Female', 'With crack and wood borer holes at the base (b)'),
(395, 6, NULL, NULL, 'Tinagtagu 3', '', 'With crack'),
(396, 6, NULL, NULL, 'Standing bu\'lul (1 pair)', '', 'With crack and woodborer\nholes (a)'),
(397, 6, NULL, NULL, 'Standing bu\'lul (1 pair)', '', 'With crack and woodborer holes at the base (b)'),
(398, 6, NULL, NULL, 'Tinagtagu 2', '', 'With crack and breakage at the base'),
(399, 6, NULL, NULL, 'Standing bu\'lul with offering box', '', 'With hole at the base'),
(400, 6, NULL, NULL, 'Pile 2', '', 'With crack at the base'),
(401, 6, NULL, NULL, 'Bu\'lul', 'House or rice granary guards', 'With hole at the base'),
(402, 6, NULL, NULL, 'Bu\'lul with punamahan', '', 'No problem'),
(403, 6, NULL, NULL, 'Wigan & Bugan 3', 'Male', 'With crack and with hole at the base (a)'),
(404, 6, NULL, NULL, 'Wigan & Bugan 3', 'Female', 'With crack and woodborer holes (b)'),
(405, 6, NULL, NULL, 'Tinagtagu 1/ Alapu (Kankanaey household guardian)', '', 'No problem'),
(406, 6, NULL, NULL, 'Punhagawhawan 1 (Ritual box for sorcery and magic)', '', 'No problem'),
(407, 6, NULL, NULL, 'Punhagawhawan 2 (Ritual box for sorcery and magic)', '', 'No problem'),
(408, 6, NULL, NULL, 'Takba/ Takfa (Kankanaey ritual backpack)', '', 'With breakage'),
(409, 6, NULL, NULL, 'Allot & Bilbillalan', 'Reed', 'No problem'),
(410, 6, NULL, NULL, 'Allot & Bilbillalan', 'Reed', 'No problem'),
(411, 6, NULL, NULL, 'Tuduh / Chalongchong', '', 'No problem'),
(412, 6, NULL, NULL, 'Tabayag (Ifugao spirit catcher)', '', 'No problem'),
(413, 6, NULL, NULL, 'Akusan (Ritual/ Exorcism belt)', '', 'No problem'),
(414, 6, NULL, NULL, 'Busalan (Twin bamboo tube with feathers)', '', 'No problem'),
(415, 6, NULL, NULL, 'Ritual pig skull hanger', '', 'No problem'),
(416, 6, NULL, NULL, 'Iwik (Wooden stake)', '', 'No problem'),
(417, 6, NULL, NULL, 'Iwik', '', 'No problem'),
(418, 6, NULL, NULL, 'Kiniing/ kinuday (Fire & smoke-dried hog meat)', '', 'No problem'),
(419, 6, NULL, NULL, 'Binabbaboy (Small pig figurine for rituals)', 'Wooden', 'No problem'),
(420, 6, NULL, NULL, 'Kalaba (Honeycomb fragment)', '', 'With breakage'),
(421, 6, NULL, NULL, 'Siglot di layad (Love amulet)', '', 'No problem'),
(422, 6, NULL, NULL, 'Tupig (Rice offering baskets)', '', 'No problem'),
(423, 6, NULL, NULL, 'Iwik', '', 'No problem'),
(424, 6, NULL, NULL, 'Hal-lit 2 (Bamboo clapper)', '', 'Not functional'),
(425, 6, NULL, NULL, 'Kayaw headgear 1', 'Single rattan frame with duraw', 'No problem'),
(426, 6, NULL, NULL, 'Kayaw headgear 2', 'Woven rattan frame with duraw', 'No problem'),
(427, 6, NULL, NULL, 'Mumbaki headgear 1', 'With boar tusks', 'No problem'),
(428, 6, NULL, NULL, 'Mumbaki headgear 2', 'With snake skull', 'With broken'),
(429, 6, NULL, NULL, 'Tibanglan Amulet', 'Chip cut from the trunk of mature giant fern', 'No problem'),
(430, 6, NULL, NULL, 'Libbit (Ifugao ritual drum)', 'Small wooden tube with animal hide', 'With hole and woodborer holes'),
(431, 6, NULL, NULL, 'Libbit (Ifugao ritual drum)', 'Small wooden tube with animal hide', 'No problem'),
(432, 6, NULL, NULL, 'Hal-lit (Ifugao bamboo ritual clapper)', '', 'Not functional'),
(433, 6, NULL, NULL, 'Tingab (Offering box)', '', 'With hole and woodborer holes'),
(434, 6, NULL, NULL, 'Punamahan (Ritual offering box)', '', 'No problem'),
(435, 6, NULL, NULL, 'Punamahan 2', '', 'With breakage and woodborer holes'),
(436, 6, NULL, NULL, 'Punamahan 3', '', 'No problem'),
(437, 6, NULL, NULL, 'Punamahan 4', '', 'With hole, crack, and woodborer holes'),
(438, 6, NULL, NULL, 'Punamahan 5', '', 'Cover is broken'),
(439, 6, NULL, NULL, 'Punamahan 6', '', 'No problem'),
(440, 6, NULL, NULL, 'Punamahan 7', '', 'With crack'),
(441, 6, NULL, NULL, 'Pamahan (Offering bowl)', '', 'No problem'),
(442, 6, NULL, NULL, 'Punhunga (Ritual box for agricultural offerings)', 'Condemned item', 'With crack and woodborer holes'),
(443, 6, NULL, NULL, 'Rice beer & meat offering container', '', 'No problem'),
(444, 6, NULL, NULL, 'Duyo 3 (Wooden food offering bowl)', '', 'With crack'),
(445, 6, NULL, NULL, 'Pamahan (Wine offering bowl)', '', 'With crack'),
(446, 6, NULL, NULL, 'Duyo/ Chuyo 2 (Wooden wine offering bowl)', '', 'With crack'),
(447, 6, NULL, NULL, 'Pamahan 2', '', 'With crack'),
(448, 6, NULL, NULL, 'Pamahan 3', '', 'With crack'),
(449, 6, NULL, NULL, 'Taliwan (Ceremonial food bit jar)', '', 'No problem'),
(450, 6, NULL, NULL, 'Kalikog 1 (Small jar for offering)', '', 'With breakage (a)'),
(451, 6, NULL, NULL, 'Kalikog 1 (Small jar for offering)', '', 'No problem (b)'),
(452, 6, NULL, NULL, 'Chuyo/ Shuyo (Ibaloi wedding bowl)', '', 'No problem'),
(453, 6, NULL, NULL, 'Kalikog 2', 'Clay jar', 'With crack'),
(454, 6, NULL, NULL, 'Chuyo/ Shuyo (Wooden bowl)', '', 'No problem'),
(455, 6, NULL, NULL, 'Kalikog 3', 'Clay jar', 'No problem'),
(456, 6, NULL, NULL, 'Taliwan (Offering jar)', 'With wood cover and 4 ears', 'No problem'),
(457, 6, NULL, NULL, 'Kalikog 4', '', 'No problem'),
(458, 6, NULL, NULL, 'Kalikog 5', '', 'With Breakage'),
(459, 6, NULL, NULL, 'Kalikog 6', 'Elongated clay jar', 'With breakage'),
(460, 6, NULL, NULL, 'Kalikog 7', '', 'No problem'),
(461, 6, NULL, NULL, 'Kalikog 8', '', 'No problem'),
(462, 6, NULL, NULL, 'Kalikog 9', '', 'No problem'),
(463, 6, NULL, NULL, 'Kalikog 10', 'Clay jar', 'No problem'),
(464, 6, NULL, NULL, 'Kalikog 11', 'Stone jar', 'No problem'),
(465, 6, NULL, NULL, 'Kalikog', 'Small stone jar with 3 ears', 'With breakage'),
(466, 6, NULL, NULL, 'Ritual box for offering', 'Small wooden container', 'No problem'),
(467, 6, NULL, NULL, 'Ritual box for offering', '', 'No problem'),
(468, 6, NULL, NULL, 'Hagabi 1 (Ifugao prestige bench)', 'Small replica', 'With crack'),
(469, 6, NULL, NULL, 'Hagabi 2 (Ifugao prestige bench)', 'Small replica', 'No problem'),
(470, 6, NULL, NULL, 'Pangal ni otik', 'Pig\'s jaw bone', 'No problem'),
(471, 6, NULL, NULL, 'Ingit di busaang', 'Small pig skull', 'No problem'),
(472, 6, NULL, NULL, 'Ingit di busaang', 'Small pig skull', 'No problem'),
(473, 6, NULL, NULL, 'Ingit di busaang', 'Small pig skull', 'No problem'),
(474, 6, NULL, NULL, 'Ingit di busaang', 'Small pig skull', 'No problem'),
(475, 6, NULL, NULL, 'Sakngod di nuang ken ugsa', 'Carabao horn, deer horn with skull', 'No problem'),
(476, 6, NULL, NULL, 'Sakngod di nuang', 'Carabao horn', 'No problem'),
(477, 6, NULL, NULL, 'Sakngod di baka', 'Cow horn', 'No problem'),
(478, 6, NULL, NULL, 'Sakngod di baka', 'Cow horn', 'No problem'),
(479, 6, NULL, NULL, 'Sakngod di nuang', 'Carabao horn', 'No problem'),
(480, 6, NULL, NULL, 'Sakngod di ugsa', 'Deer horn', 'No problem'),
(481, 6, NULL, NULL, 'Ingit di busaang', 'Small pig skull', 'No problem'),
(482, 7, NULL, NULL, 'Binuron (Apayao -Isnag house)', '', 'No problem'),
(483, 7, NULL, NULL, 'Abra lowland Tinguian house', '', 'No problem'),
(484, 7, NULL, NULL, 'Fale/ bale (Ifugao house)', '', 'With crack at the base'),
(485, 7, NULL, NULL, 'Sagada Kankanaey house', '', 'No problem'),
(486, 7, NULL, NULL, 'Baley (Benguet Ibaloi house)', '', 'No problem'),
(487, 7, NULL, NULL, 'Baey (Benguet Kankanaey house)', '', 'No problem'),
(488, 7, NULL, NULL, 'Kinipas or finarvon (Tinglayanoctagonal house)', '', 'No problem'),
(489, 7, NULL, NULL, 'Furuy (Eastem Mountain Province - Madukayan House)', '', 'With rotten portion at the base'),
(490, 8, NULL, NULL, 'Al-o/ Lal-0 1', 'Wooden pestle', 'With crack'),
(491, 8, NULL, NULL, 'Al-o/ Lal-o 1', 'Wooden pestle', 'With crack'),
(492, 8, NULL, NULL, 'Al-o/ Lal-o 2', 'Wooden pestle', 'With crack'),
(493, 8, NULL, NULL, 'Al-o/ Lal-o 3', 'Wooden pestle', 'With crack'),
(494, 8, NULL, NULL, 'Al-o/ Lal-o 4', 'Wooden pestle', 'With crack'),
(495, 8, NULL, NULL, 'Al-o/ Lal-o 5', 'Wooden pestle', 'With crack'),
(496, 8, NULL, NULL, 'Al-o/ Lal-o 6', 'Wooden pestle', 'With crack'),
(497, 8, NULL, NULL, 'Al-o/ Lal-o 7', 'Wooden pestle', 'With crack and woodborer holes'),
(498, 8, NULL, NULL, 'Alsong (a) ', 'Single hole mortar, wooden with pestle', 'Both items with cracks'),
(499, 8, NULL, NULL, 'Al-o (b)', 'Single hole mortar, wooden with pestle', 'Both items with cracks'),
(500, 8, NULL, NULL, 'Alsong/ Lusungan', 'Double mortar', 'With crack'),
(501, 8, NULL, NULL, 'Balyag', 'Square-type winnowing tray', 'With breakage at the basement'),
(502, 8, NULL, NULL, 'Liga-o', 'Rounded winnowing tray', 'No problem'),
(503, 8, NULL, NULL, 'Kamuwan 3', 'Rice container', 'No problem'),
(504, 8, NULL, NULL, 'Yakayak', 'Rice sleve with wood frame', 'With breakage'),
(505, 8, NULL, NULL, 'Liga-o/ Kiyag', 'Rounded winnowing tray', 'No problem'),
(506, 8, NULL, NULL, 'Yakayak 1', 'Rounded rice sieve', 'With breakage'),
(507, 8, 29, 6, 'Taliwan 2', 'Wooden salt jar', 'With crack and breakage'),
(508, 8, 29, 6, 'Taliwan 3', 'Wooden salt jar', 'No problem'),
(509, 8, 29, 6, 'Sinuweb', 'Wooden food container with cover', 'With crack the cover'),
(510, 8, 29, 6, 'Spice container', 'Clay base with rattan frame and strap', 'No problem'),
(511, 8, 29, 6, 'Tabtab 1', 'Bamboo tube for salt', 'No problem'),
(512, 8, 29, 6, 'Tabtab 2', 'Bamboo mug', 'No problem'),
(513, 8, 29, 6, 'Tabtab 3', 'Small mug with rattan plaiting', 'No problem'),
(514, 8, 29, 6, 'Tabtab 4', 'Big, without skin, with string strap', 'No problem'),
(515, 8, 29, 6, 'Tabtab 5', 'With salt crystals and peg at its base', 'With rotten portion'),
(516, 8, 29, 6, 'Tabtab 6', 'Bamboo tube water container', 'No problem'),
(517, 8, 29, 6, 'Tabtab 7', 'Bamboo tube water container', 'No problem'),
(518, 8, 29, 6, 'Tabtab 8', 'Bamboo tube water container', 'With crack'),
(519, 8, 29, 6, 'Taliwan', 'Salt or water cum wine container', 'No problem'),
(520, 8, 29, 6, 'Tabang', 'Salt container with knotted top', 'With crack'),
(521, 8, 29, 6, 'Tubungan', 'Bamboo tube salt container', 'With woodborer holes'),
(522, 8, 29, 6, 'Getget 1 (Gourd container for salt, etc-)', 'Elongated, with rattan plaiting', 'With breakage'),
(523, 8, 29, 6, 'Getget 2', 'With rattan plaiting & strap', 'With breakage'),
(524, 8, 29, 6, 'Getget 3', 'With rattan plaiting ', 'With breakage'),
(525, 8, 29, 6, 'Gocub 1 (Coconut shell container)', 'With handle, rattan plaiting & wide\nwooden top cover', 'No problem'),
(526, 8, 29, 6, 'Gocub 2', 'With handle, rattan body plaiting,\nwooden plug & rattan strap', 'No problem'),
(527, 8, 29, 6, 'Gocub 4', 'Open top, with rattan body plaiting,\nplaited opening & strap', 'No problem'),
(528, 8, 29, 6, 'Gocub 5', 'With rattan plaited opening & woven\nstrap', 'No problem'),
(529, 8, 29, 6, 'Gocub 6', 'With GI wire strap', 'No problem'),
(530, 8, 29, 6, 'Gocub 7', 'With rattan plaiting; open top with\nwoven rattan strap', 'No problem'),
(531, 8, 29, 6, 'Tabtab 9', 'Bamboo tube water container', 'No problem'),
(532, 8, 29, 6, 'Tabtab 10', 'Water container, bamboo tube', 'With crack'),
(533, 8, 29, 6, 'Gocub', '', 'No problem'),
(534, 8, 29, 7, 'Kamuwan (woven container for pounded rice)', '', 'No problem'),
(535, 8, 29, 7, 'Kulbung / kamuwan (woven container for pounded rice)', '', 'No problem'),
(536, 8, 29, 7, 'Akub 1 (woven container for pounded rice)', 'Bamboo', 'No problem'),
(537, 8, 29, 7, 'Akub 2 (woven container for pounded rice)', 'Bamboo', 'No problem'),
(538, 8, 29, 7, 'Takgaki (open basket with handle)', 'Rattan', 'No problem'),
(539, 8, 29, 7, 'Taliwan 1 (woven jar-like container for seeds, grains)', 'Binali style weaving', 'No problem'),
(540, 8, 29, 7, 'Taliwan 3', 'Binali style weaving, wide base and\nopening with cover', 'No problem'),
(541, 8, 29, 7, 'Taliwan 4 (jar-like basket)', 'Binali style weaving, small base\nrattan basket', 'With breakage and hole at the cover'),
(542, 8, 29, 7, 'Hukop/ hoop (Rice basket with cover)', '', 'No problem'),
(543, 8, 29, 7, 'Agkawin 1 (basket)', 'Rattan, binali-style weaving', 'No problem'),
(544, 8, 29, 7, 'Agkhawin 2 (seed basket)', 'Binali-style weaving, side opening\nwith GI string handle', 'No problem'),
(545, 8, 29, 7, 'Kul-log (seed basket with cover)', 'Wide base and round top', 'No problem'),
(546, 8, 29, 7, 'Tadtad 1 (jar-like woven container)', 'Bamboo with wood cover', 'With hole'),
(547, 8, 29, 7, 'Tadtad 2', 'Square base and top with handle', 'No problem'),
(548, 8, 29, 7, 'Tadtad 3', 'Bamboo and rattan', 'With hole'),
(549, 8, 29, 7, 'Small basket (container for seed to be sown)', 'Single whole opening', 'With tears'),
(550, 8, 29, 7, 'Kalikog 1 (basket for duomen cum bait container)', 'Single whole opening', 'No problem'),
(551, 8, 29, 7, 'Kalikog 3', 'Rectangular', 'No problem'),
(552, 8, 29, 7, 'Kalikog 4', 'Rounded', 'No problem'),
(553, 8, 29, 7, 'Kalikog 5', 'Kokub di baka', 'No problem'),
(554, 8, 29, 7, 'Kalikog 6', 'Kokub di baka', 'No problem'),
(555, 8, 29, 7, 'Kalikog 7', 'Rattan, round base and top with\ncover', 'No problem'),
(556, 8, 29, 7, 'Kalikog 8', 'Rattan, without cover', 'No problem'),
(557, 8, 29, 7, 'Tadtad (basket)', 'Rattan, round base and top with\ncover', 'No problem'),
(558, 8, 29, 7, 'Basket (container for seed to be sown)', '', 'No problem'),
(559, 8, 29, 7, 'Basket', 'Rattan, without cover', 'With hole'),
(560, 8, 29, 7, 'Basket (lunch basket)', 'Rattan', 'No problem'),
(561, 8, 29, 7, 'Kalikog 2 (basket, bait container)', 'Woven rattan', 'No problem'),
(562, 8, 29, 7, 'Rounded hand basket', 'Square base & Top cover with\nrounded body', 'No problem'),
(563, 8, 29, 7, 'Ayud 1', 'Kitchen utensil basket', 'No problem'),
(564, 8, 29, 7, 'Ayud 2', 'Kitchen utensil basket', 'No problem'),
(565, 8, 29, 7, 'Ayud 3', 'Kitchen utensil basket', 'No problem'),
(566, 8, 29, 7, 'Ayud 4', 'Kitchen utensil basket', 'No problem'),
(567, 8, 29, 7, 'Piguan di dagum', 'Binali needle-and-thread case', 'No problem'),
(568, 8, 29, 7, 'Haydu', 'Multipurpose tray or basket', 'With breakage at the base'),
(569, 8, 30, 8, 'Duyo', 'Wooden bowl', 'No problem'),
(570, 8, 30, 8, 'Duyo/ Chuyo', 'Ifugao soup bowl', 'With crack'),
(571, 8, 30, 8, 'Duyo 2', 'Wooden elongated wine bowl', 'No problem'),
(572, 8, 30, 8, 'Duyo/ Shuyo 1', 'Family wooden bowl', 'No problem'),
(573, 8, 30, 8, 'Duyo/ Chuyo 3', 'Wooden bowl', 'No problem'),
(574, 8, 30, 8, 'Duyo/ Shuyo 2', 'Ibaloi family wooden bowl', 'No problem'),
(575, 8, 30, 8, 'Duyo/ Duyog', 'Wooden bowl', 'No problem'),
(576, 8, 30, 8, 'Duyo/ Shuyo 4', 'Ibaloy family wooden bowl', 'With crack'),
(577, 8, 30, 8, 'Sukong 1', 'Wooden soup serving bowl', 'No problem'),
(578, 8, 30, 8, 'Chuyo/ Shuyo', 'Wooden soup bowl', 'No problem'),
(579, 8, 30, 8, 'Chuyo', 'Wooden soup bowl', 'With crack'),
(580, 8, 30, 8, 'Pamahan/ Chuyo', 'Wooden soup bowl', 'No problem'),
(581, 8, 30, 8, 'Pamahan', 'Wooden soup bowl', 'With crack'),
(582, 8, 30, 8, 'Pamahan 2', 'Wooden soup bowl', 'With crack'),
(583, 8, 30, 8, 'Pamahan 3', 'Wooden soup bowl', 'No problem'),
(584, 8, 30, 8, 'Pamahan 4', 'Wooden soup bowl', 'With crack'),
(585, 8, 30, 8, 'Pamahan 5', 'Wooden soup bowl', 'With crack'),
(586, 8, 30, 8, 'Pamahan 6', 'Wooden soup bowl', 'With crack'),
(587, 8, 30, 8, 'Duyo', 'Kankanaey soup bowl', 'No problem'),
(588, 8, 30, 8, 'Duyo/ Chuyo', 'Wooden soup bowl', 'With crack'),
(589, 8, 30, 8, 'Duyo/ Shuyo', 'Wooden soup bowl', 'With crack'),
(590, 8, 30, 8, 'Duyo or Sukong', 'Wooden soup bowl with handle', 'With crack and hole'),
(591, 8, 30, 8, 'Duyo/ Shuyo', 'Wooden Soup bowl', 'With crack'),
(592, 8, 30, 8, 'Duyo or Sukong', 'Wooden rectangle soup bowl', 'No problem'),
(593, 8, 30, 8, 'Duyo/ Chuyo', 'Wooden square soup bowl', 'With breakage at the basement'),
(594, 8, 30, 8, 'Duyo/ Shuyo', 'Wooden soup bowl', 'With crack'),
(595, 8, 30, 8, 'Duyo/ Shuyo', 'Wooden soup bowl', 'With crack'),
(596, 8, 30, 8, 'Duyo/ Shuyo/ Chuyo', 'Wooden soup bowl', 'With crack'),
(597, 8, 30, 8, 'Duyo/ Chuyo', 'Wooden soup bowl', 'With crack'),
(598, 8, 30, 8, 'Duyo/ Chuyo', 'Ifugao soup bowl', 'With crack'),
(599, 8, 30, 8, 'Duyo 1', 'Wooden soup bowl', 'With crack'),
(600, 8, 30, 8, 'Duyo 2', 'Wooden soup bowl', 'No problem'),
(601, 8, 30, 8, 'Duyo 3', 'Wooden soup bowl', 'With crack'),
(602, 8, 30, 8, 'Duyo', 'Elongated serving bowl', 'With crack'),
(603, 8, 30, 8, 'Duyog', 'Clay soup bowl', 'With breakage'),
(604, 8, 30, 8, 'Pamahan', 'Wooden soup bowl', 'With crack'),
(605, 8, 30, 8, 'Pamahan', 'Wooden soup bowl', 'With crack'),
(606, 8, 30, 8, 'Pamahan', 'Wooden soup bowl', 'No problem'),
(607, 8, 30, 8, 'Ungot 1', 'Coconut shell bowl', 'No problem'),
(608, 8, 30, 8, 'Ungot 2/ Silap 2', 'Coconut shell bowl', 'No problem'),
(609, 8, 30, 8, 'Ungot 3/ Silap 3', 'Coconut shell bowl', 'No problem'),
(610, 8, 30, 8, 'Sakob', 'Wooden soup bowl', 'With crack'),
(611, 8, 30, 8, 'Ungot/ Silap 1', 'Coconut shell bowl', 'No problem'),
(612, 8, 30, 8, 'Ungot/ Silap 2', 'Coconut shell bowl', 'With crack'),
(613, 8, 30, 8, 'Ungot/ Silap 3', 'Coconut shell bowl', 'No problem'),
(614, 8, 30, 8, 'Tuway', 'Coconut shell saucer', 'No problem'),
(615, 8, 30, 8, 'Tuway 1', 'Wooden soup bowl', 'No problem'),
(616, 8, 30, 8, 'Tuway 2', 'Wooden soup bowl', 'With crack'),
(617, 8, 30, 8, 'Tuway 3', 'Wooden soup bowl', 'With woodborer holes'),
(618, 8, 30, 8, 'Tuway 4', 'Wooden soup bowl', 'No problem'),
(619, 8, 30, 8, 'Latok 1', 'Wooden plate', 'With crack'),
(620, 8, 30, 8, 'Latok 2', 'Wooden plate', 'With crack'),
(621, 8, 30, 8, 'Latok 3', 'Wooden plate', 'With crack'),
(622, 8, 30, 8, 'Latok 4', 'Wooden plate', 'No problem'),
(623, 8, 30, 8, 'Latok/ Pinggan 5', 'Wooden plate', 'With crack'),
(624, 8, 30, 8, 'Latok 6', 'Wooden plate', 'With crack'),
(625, 8, 30, 8, 'Latok', 'Wooden plate', 'With crack'),
(626, 8, 30, 8, 'Latok', 'Wooden plate', 'With breakage'),
(627, 8, 30, 8, 'Akgo 1', 'Loosely woven rattan tray for\ncamote', 'No problem'),
(628, 8, 30, 8, 'Akgo 2', 'Square-based food tray', 'No problem'),
(629, 8, 30, 8, 'Sakeb 2', 'Hat-like food basket cover', 'No problem'),
(630, 8, 30, 8, 'Tage-e 1', 'Food tray with round base and top', 'No problem'),
(631, 8, 30, 8, 'Tage-e 2', 'Square-base round top rain', 'No problem'),
(632, 8, 30, 8, 'Tage-e 3', 'Square tray, brown', 'No problem'),
(633, 8, 30, 8, 'Kiyag 1', 'Rice plate baskets', 'No problem'),
(634, 8, 30, 8, 'Kiyag 2', 'Square base-round top', 'No problem'),
(635, 8, 30, 8, 'Kiyag 3', 'Round base and top', 'No problem'),
(636, 8, 30, 8, 'Sagada nan ubi', 'Food cover basket', 'No problem'),
(637, 8, 30, 8, 'Attobang', 'Food tray basket', 'No problem'),
(638, 8, 30, 8, 'Acop', 'Food basket for cooked rice', 'No problem'),
(639, 8, 30, 8, 'Acop', 'Food basket with cover', 'No problem'),
(640, 8, 30, 9, 'Idus/ Ichus 1 (wooden spoon)', 'Wooden', 'With breakage'),
(641, 8, 30, 9, 'Idus/ Ichus 2', 'Wooden', 'No problem'),
(642, 8, 30, 9, 'Idus/ Ichus 3', 'Wooden', 'With crack'),
(643, 8, 30, 9, 'Idus/ Ichus 5', 'Wooden', 'No problem'),
(644, 8, 30, 9, 'Idus/ Ichus 6', 'Wooden', 'No problem'),
(645, 8, 30, 9, 'Idus/ Ichus 7', 'Wooden', 'No problem'),
(646, 8, 30, 9, 'Idus/ Ichus 8', 'Wooden', 'No problem'),
(647, 8, 30, 9, 'Idoh/ Pakko (Ifugao wooden\nspoon)', 'Wooden', 'No problem'),
(648, 8, 30, 9, 'Idus/ Idoh/ Ichus/ Pakko 10 (spoon)', 'Wooden', 'No problem'),
(649, 8, 30, 9, 'Idus/ Idoh/ Ichus/ Pakko 11', 'Wooden', 'No problem'),
(650, 8, 30, 9, 'Idus/ Idoh/ Ichus/ Pakko 12', 'Wooden', 'No problem'),
(651, 8, 30, 9, 'Idus/ Idoh/ Ichus/ Pakko 13', 'Wooden', 'No problem'),
(652, 8, 30, 9, 'Idus/ Idoh/ Ichus/ Pakko 14', 'Wooden', 'No problem'),
(653, 8, 30, 9, 'Idoh/ Pakko', 'Wooden', 'No problem'),
(654, 8, 30, 9, 'Idoh/ Pakko', 'Wooden', 'With breakage'),
(655, 8, 30, 9, 'Idoh/ Pakko', 'Wooden', 'No problem'),
(656, 8, 30, 9, 'Idoh/ Pakko', 'Wooden', 'No problem'),
(657, 8, 30, 9, 'Idoh/ Pakko', 'Wooden', 'No problem'),
(658, 8, 30, 9, 'Idoh/ Pakko', 'Wooden', 'With breakage'),
(659, 8, 30, 9, 'Idoh/ Pakko', 'Wooden', 'No problem'),
(660, 8, 30, 9, 'Idoh/ Pakko', 'Wooden', 'No problem'),
(661, 8, 30, 9, 'Idoh/ Pakko', 'Wooden', 'With crack'),
(662, 8, 30, 9, 'Idoh/ Pakko (dipper)', 'Wooden', 'No problem'),
(663, 8, 30, 9, 'Idoh/ Pakko (spoon)', 'Wooden', 'No problem'),
(664, 8, 30, 9, 'Idoh/ Pakko (dipper)', 'Wooden', 'No problem'),
(665, 8, 30, 9, 'Idoh/ Pakko (dipper)', 'Wooden', 'No problem'),
(666, 8, 30, 9, 'Tagaong (dipper)', 'Wooden', 'With breakage'),
(667, 8, 30, 9, 'Bakkong/ Bakdong', 'Wooden', 'No problem'),
(668, 8, 30, 9, 'Bakkong/ Bakdong 1', 'Wooden', 'No problem'),
(669, 8, 30, 9, 'Bakkong/ Bakdong 2', 'Wooden', 'No problem'),
(670, 8, 30, 9, 'Bakkong/ Bakdong 3', 'Wooden', 'No problem'),
(671, 8, 30, 9, 'Bakkong/ Bakdong 4', 'Wooden', 'With broken'),
(672, 8, 30, 9, 'Bakkong/ Bakdong 5', 'Wooden', 'No problem'),
(673, 8, 30, 9, 'Bakkong/ Bakdong 6', 'Wooden', 'With crack'),
(674, 8, 30, 9, 'Bakkong/ Bakdong 7', 'Wooden', 'No problem'),
(675, 8, 30, 9, 'Bakkong/ Bakdong 8', 'Wooden', 'With crack'),
(676, 8, 30, 9, 'Bakkong/ Bakdong 9', 'Wooden', 'With breakage'),
(677, 8, 30, 9, 'Bakkong/ Bakdong 10', 'Wooden', 'No problem'),
(678, 8, 30, 9, 'Bakkong/ Bakdong 11', 'Wooden', 'With crack'),
(679, 8, 30, 9, 'Bakkong/ Bakdong 12', 'Wooden', 'No problem'),
(680, 8, 30, 9, 'Bakkong/ Bakdong 13', 'Wooden', 'No problem'),
(681, 8, 30, 9, 'Bakkong/ Bakdong 14', 'Wooden', 'With crack'),
(682, 8, 30, 9, 'Bakkong/ Bakdong 15', 'Wooden', 'With crack'),
(683, 8, 30, 9, 'Bakkong/ Bakdong 16', 'Wooden', 'No problem'),
(684, 8, 30, 9, 'Ado/ Aklo/ Inachu (rice ladle)', 'Wooden', 'With crack'),
(685, 8, 30, 9, 'Ado/ Aklo/ Inachu 2', 'Wooden', 'No problem'),
(686, 8, 30, 9, 'Ado/ Aklo/ Inachu 3', 'Wooden', 'No problem'),
(687, 8, 30, 9, 'Ado/ Aklo/ Inachu ', 'Wooden', 'With broken'),
(688, 8, 30, 9, 'Ado/ Aklo/ Inachu ', 'Wooden', 'No problem'),
(689, 8, 30, 9, 'Ado/ Aklo/ Inachu ', 'Wooden', 'With crack');
INSERT INTO `artifact_info` (`artifact_id`, `section_id`, `catalogue_id`, `subcat_id`, `name`, `description`, `condition`) VALUES
(690, 8, 30, 9, 'Idus/ Ichus', 'Wooden', 'No problem'),
(691, 8, 30, 9, 'Idus/ Ichus', 'Wooden', 'With breakage'),
(692, 8, 30, 9, 'Idus/ Ichus', 'Wooden', 'No problem'),
(693, 8, 30, 9, 'Ado/ Aklo/ Inachu', 'Coconut shell', 'No problem'),
(694, 8, 30, 9, 'Idus/ Ichus', 'Wooden', 'No problem'),
(695, 8, 30, 9, 'Idus/ Ichus', 'Wooden', 'No problem'),
(696, 8, 30, 9, 'Idus/ Ichus', 'Wooden', 'No problem'),
(697, 8, 30, 9, 'Idus/ Ichus', 'Wooden', 'With crack'),
(698, 8, 30, 9, 'Idus/ Ichus', 'Wooden', 'No problem'),
(699, 8, 30, 9, 'Idus/ Ichus', 'Wooden', 'No problem'),
(700, 8, 30, 9, 'Idus/ Ichus', 'Wooden', 'No problem'),
(701, 8, 30, 9, 'Idus/ Ichus', 'Wooden', 'No problem'),
(702, 8, 30, 9, 'Idus/ Ichus', 'Wooden', 'No problem'),
(703, 8, 30, 9, 'Ichus/ Pakko (Ifugao spoon)', 'Coconut shell', 'No problem'),
(704, 8, 30, 9, 'Ichus/ Pakko 2', 'Coconut shell', 'No problem'),
(705, 8, 30, 9, 'Ichus/ Pakko 3', 'Coconut shell', 'No problem'),
(706, 8, 30, 9, 'Ichus/ Pakko', 'Coconut shell', 'No problem'),
(707, 8, 30, 9, 'Ichus/ Pakko', 'Coconut shell', 'No problem'),
(708, 8, 30, 9, 'Ichus/ Pakko', 'Coconut shell', 'No problem'),
(709, 8, 30, 9, 'Ichus/ Pakko', 'Coconut shell', 'No problem'),
(710, 8, 30, 9, 'Ungot soup bowl/ dipper\n(without handle)', 'Coconut shell', 'No problem'),
(711, 8, 30, 9, 'Ungot soup bowl/ dipper', 'Coconut shell', 'No problem'),
(712, 8, 30, 9, 'Ungot soup bowl/ dipper', 'Coconut shell', 'No problem'),
(713, 8, 30, 9, 'Ungot soup bowl/ dipper', 'Coconut shell', 'No problem'),
(714, 8, 30, 9, 'Ungot soup bowl/ dipper', 'Coconut shell', 'No problem'),
(715, 8, 30, 9, 'Ungot soup bowl/ dipper', 'Coconut shell', 'No problem'),
(716, 8, 30, 9, 'Ungot soup bowl/ dipper', 'Coconut shell', 'With breakage'),
(717, 8, 30, 9, 'Ungot soup bowl/ dipper', 'Coconut shell', 'No problem'),
(718, 8, 30, 9, 'Ungot dipper (with handle)', 'Coconut shell', 'With crack'),
(719, 8, 30, 9, 'Ungot dipper', 'Coconut shell', 'No problem'),
(720, 8, 30, 9, 'Ungot dipper', 'Coconut shell', 'No problem'),
(721, 8, 30, 9, 'Ungot dipper', 'Coconut shell', 'No problem'),
(722, 8, 30, 9, 'Ungot soup bowl', 'Coconut shell', 'No problem'),
(723, 8, 30, 9, 'Ungot soup bowl', 'Coconut shell', 'No problem'),
(724, 8, 30, 9, 'Aklo 1 (rice ladle)', 'Coconut shell', 'No problem'),
(725, 8, 30, 9, 'Aklo 2', 'Coconut shell', 'No problem'),
(726, 8, 30, 9, 'Aklo 3', 'Coconut shell', 'With crack'),
(727, 8, 30, 9, 'Aklo 4', 'Coconut shell', 'No problem'),
(728, 8, 30, 9, 'Aklo', 'Aluminum', 'No problem'),
(729, 8, 30, 9, 'Aklo', 'Wooden', 'With breakage'),
(730, 8, 30, 9, 'Aklo', 'Wooden', 'With crack'),
(731, 8, 30, 9, 'Aklo', 'Wooden', 'With crack'),
(732, 8, 30, 9, 'Aklo', 'Coconut shell', 'No problem'),
(733, 8, 30, 9, 'Aklo', 'Wooden', 'No problem'),
(734, 8, 30, 9, 'Aklo', 'Wooden', 'No problem'),
(735, 8, 30, 9, 'Aklo', 'Wooden', 'No problem'),
(736, 8, 30, 9, 'Aklo', 'Wooden', 'No problem'),
(737, 8, 30, 9, 'Aklo', 'Animal bone', 'No problem'),
(738, 8, 30, 9, 'Aklo', 'Animal bone', 'No problem'),
(739, 8, 30, 9, 'Aklo', 'Animal bone', 'No problem'),
(740, 8, 30, 9, 'Aklo', 'Animal bone', 'No problem'),
(741, 8, 30, 9, 'Aklo', 'Animal bone', 'No problem'),
(742, 8, 30, 9, 'Aklo', 'Wooden', 'No problem'),
(743, 8, 30, 9, 'Aklo', 'Animal bone', 'No problem'),
(744, 8, 30, 9, 'Adio 1 (bamboo strainer)', 'Bamboo', 'No problem'),
(745, 8, 30, 9, 'Adio 2 (bamboo strainer)', 'Bamboo', 'No problem'),
(746, 8, 30, 9, 'Bakkong/ Bakdong (dipper)', 'Wooden', 'No problem'),
(747, 8, 30, 9, 'Bakkong/ Bakdong', 'Wooden', 'No problem'),
(748, 8, 30, 9, 'Ceramic Ming bowl/ plate 1', '', 'No problem'),
(749, 8, 30, 9, 'Ceramic Ming bowl/ plate 2', '', 'No problem'),
(750, 8, 30, 9, 'Ceramic Ming bowl/ plate 3', '', 'No problem'),
(751, 8, 30, 9, 'Ceramic bowl/ plate', '', 'No problem'),
(752, 8, 30, 9, 'Ceramic white bowl', '', 'No problem'),
(753, 8, 30, 9, 'Ceramic celadon bowl', '', 'With breakage'),
(754, 8, 30, 9, 'Ceramic saucer/ plate 1', '', 'No problem'),
(755, 8, 30, 9, 'Ceramic saucer/ plate 2', '', 'No problem'),
(756, 8, 30, 9, 'Ceramic Ming plate 1', '', 'No problem'),
(757, 8, 30, 9, 'Ceramic Ming plate 2', '', 'With breakage'),
(758, 8, 30, 9, 'Ceramic Ming plate 3', '', 'No problem'),
(759, 8, 30, 9, 'Ceramic Ming plate 4', '', 'With crack'),
(760, 8, 30, 9, 'Ceramic bowl/ plate', '', 'No problem'),
(761, 8, 30, 9, 'Ceramic saucer/ plate', '', 'No problem'),
(762, 8, 30, 9, 'Pinasayan (ceramic saucer)', 'Shrimp motif', 'With broken'),
(763, 8, 30, 9, 'Ginakgaki 1 (ceramic saucer)', 'Crab motif', 'No problem'),
(764, 8, 30, 9, 'Ginakgaki 2 (ceramic saucer)', 'Crab motif', 'No problem'),
(765, 8, 30, 9, 'Ceramic saucer/ plate', 'Lotus flower motif', 'No problem'),
(766, 8, 30, 9, 'Ceramic saucer 3', '', 'With broken'),
(767, 8, 30, 9, 'Ceramic saucer 4', '', 'No problem'),
(768, 8, 30, 9, 'Ceramic Ming bowl 4', '', 'With breakage'),
(769, 8, 30, 9, 'Ceramic teapot and cups', '', 'No problem'),
(770, 8, 30, 9, 'Ceramic saucer 5', '', 'No problem'),
(771, 8, 30, 9, 'Inik-ikan (saucer)', 'Fish motif', 'With crack'),
(772, 8, 30, 9, 'Ginakgaki 3 (saucer)', 'Crab motif', 'No problem'),
(773, 8, 30, 9, 'Chinese plate 3', '', 'No problem'),
(774, 8, 30, 9, 'Ceramic saucer', '', 'With crack'),
(775, 8, 30, 9, 'Ceramic bowl (pair)', 'With rattan plaiting', 'No problem'),
(776, 8, 30, 9, 'Ceramic bowl (pair)', 'With rattan plaiting', 'No problem'),
(777, 8, 30, 9, 'Ceramic saucer/ bowl1', '', 'No problem'),
(778, 8, 30, 10, 'Tupil 1', 'With square base', 'With hole and breakage'),
(779, 8, 30, 10, 'Tupil 2', 'With pig\'s tusk', 'No problem'),
(780, 8, 30, 10, 'Tupil 3', 'Small basket', 'With breakage at the cover'),
(781, 8, 30, 10, 'Tupil 4', 'With string', 'No problem'),
(782, 8, 30, 10, 'Tupil 5', 'Without cover', 'With breakage'),
(783, 8, 30, 10, 'Tupil 6', 'With four ears', 'No problem'),
(784, 8, 30, 10, 'Tupil 7', 'With square base and top', 'No problem'),
(785, 8, 30, 10, 'Tupil 8', 'Bamboo', 'No problem'),
(786, 8, 30, 10, 'Upig/ bituto', 'Square with design & cover', 'No problem'),
(787, 8, 30, 10, 'Tupil 10 (multipurpose basket)', 'Woven bamboo, open top basket', 'No problem'),
(788, 8, 30, 10, 'Tupil 11 (basket)', 'Square base-round top', 'No problem'),
(789, 8, 30, 10, 'Tupil 12 (basket)', 'Square without cover', 'With hole'),
(790, 8, 30, 10, 'Tambala 1', 'Oblong shape', 'No problem'),
(791, 8, 30, 10, 'Tambala 2', 'Round shape', 'No problem'),
(792, 8, 30, 10, 'Tambala', 'Woven bamboo case', 'No problem'),
(793, 8, 30, 10, 'Tupil/ Ababako', 'Square, with cover &cotton string\nstrap', 'No problem'),
(794, 8, 30, 10, 'Tupil (lunch basket)', 'Rectangular, with serrated bamboo\ndesign on cover, with plastic string\nstrap', 'With breakage at the basement'),
(795, 8, 30, 11, 'Silyasi (copper pot)', '', 'No problem'),
(796, 8, 30, 11, 'Lukbob (\'pressure cooker\' pot)', 'Clay', 'With breakage'),
(797, 8, 30, 11, 'Banga 4a (clay pot set)', '', 'No problem'),
(798, 8, 30, 11, 'Banga 4b (clay pot set)', '', 'With breakage'),
(799, 8, 30, 11, 'Banga 4c (clay pot set)', '', 'No problem'),
(800, 8, 30, 11, 'Banga 5', 'With cover', 'No problem'),
(801, 8, 30, 11, 'Banga 6', 'With ears', 'No problem'),
(802, 8, 30, 11, 'Banga 7', '', 'No problem'),
(803, 8, 30, 11, 'Banga 8', '', 'With breakage'),
(804, 8, 30, 11, 'Banga 9', '', 'No problem'),
(805, 8, 30, 11, 'Banga 10', '', 'No problem'),
(806, 8, 30, 11, 'Banga 11', '', 'No problem'),
(807, 8, 30, 11, 'Silong 1 (clay pot holder)', 'Rattan', 'No problem'),
(808, 8, 30, 11, 'Silong 2 (clay pot holder)', 'Rattan', 'No problem'),
(809, 8, 30, 11, 'Banga 13', 'Clay', 'No problem'),
(810, 8, NULL, NULL, 'Ballay 1 (Salted meat storage)', 'Gourd, with rattan plaiting', 'With breakage'),
(811, 8, NULL, NULL, 'Ballay 2', 'With rattan plaiting', 'No problem'),
(812, 8, NULL, NULL, 'Ballay 4', 'With cover', 'With rotten'),
(813, 8, NULL, NULL, 'Ballay 5', 'With woven bamboo cover and rattan body plaiting', 'No problem'),
(814, 8, NULL, NULL, 'Etagan (Salted meat storage)', 'Clay jar', 'No problem'),
(815, 8, NULL, NULL, 'Eres ni sili/ Idis di sili (Pepper crusher/ grinder)', '', 'No problem'),
(816, 8, NULL, NULL, 'Eres ni sili/ Idis di sili', '', 'No problem'),
(817, 8, NULL, NULL, 'Eres ni sili/ Idis di sili', '', 'No problem'),
(818, 8, NULL, NULL, 'Tangungo (Salted meat storage)', 'Wooden', 'With crack'),
(819, 8, NULL, NULL, 'Tangungo', 'Wooden', 'No problem'),
(820, 8, NULL, NULL, 'Tangungo', 'Wooden', 'No problem'),
(821, 8, NULL, NULL, 'Tangungo', 'Wooden', 'With crack'),
(822, 8, NULL, NULL, 'Tabtab', 'Wooden', 'With breakage'),
(823, 8, NULL, NULL, 'Buyaw/ Tubyong (Salted meat\nstorage)', 'Wooden', 'No problem'),
(824, 8, NULL, NULL, 'Almeres 2 (Small mortar with\npestle)', 'Stone', 'No problem'),
(825, 8, NULL, NULL, 'Almeres 2 (Small mortar with\npestle)', 'Stone', 'No problem'),
(826, 8, NULL, NULL, 'Almeres (Small mortar with\npestle)', 'Stone', 'With crack'),
(827, 8, NULL, NULL, 'Almeres (Small mortar with\npestle)', 'Stone', 'With crack'),
(828, 8, NULL, NULL, 'Almeres (Small mortar with pestle)', 'Wooden', 'With crack and with dispelled part'),
(829, 8, NULL, NULL, 'Almeres (Small mortar with pestle)', 'Wooden', 'With crack and with dispelled part'),
(830, 8, NULL, NULL, 'Almeres (Small mortar with\npestle)', 'Wooden', 'With crack (a)'),
(831, 8, NULL, NULL, 'Almeres (Small mortar with\npestle)', 'Wooden', 'With crack (a)'),
(832, 8, NULL, NULL, 'Almeres 4 (Small mortar)', 'Stone', ''),
(833, 8, NULL, NULL, 'Almeres 5', 'Stone', ''),
(834, 8, NULL, NULL, 'Almeres 6', 'Stone', ''),
(835, 8, NULL, NULL, 'Almeres', 'Stone', ''),
(836, 8, NULL, NULL, 'Almeres', 'Wooden', ''),
(837, 8, NULL, NULL, 'Almeres', 'Wooden', ''),
(838, 8, NULL, NULL, 'Banga 1 (water storage jar)', 'Clay', 'With breakage'),
(839, 8, NULL, NULL, 'Banga 2', '', 'With breakage'),
(840, 8, NULL, NULL, 'Banga 3 (wine and water container)', '', 'No problem'),
(841, 8, NULL, NULL, 'Putik (Basi fermenting jar)', 'Clay with rotten plaiting', 'No problem'),
(842, 8, NULL, NULL, 'Kuli (basi storage jar)', '', 'No problem'),
(843, 8, NULL, NULL, 'Salaw (stoneware jar)', '', 'With breakage'),
(844, 8, NULL, NULL, 'Putik 2 (stoneware jar)', 'With binali-style woven cover', 'No problem'),
(845, 8, NULL, NULL, 'Putik 3 (stoneware jar)', 'Without ears', 'No problem'),
(846, 8, NULL, NULL, 'Putik 4 (stoneware jar)', 'Without ears', 'No problem'),
(847, 8, NULL, NULL, 'Putik 5 (stoneware jar)', 'With 4 ears', 'No problem'),
(848, 8, NULL, NULL, 'Putik 6 (stoneware jar)', 'With ears', 'No problem'),
(849, 8, NULL, NULL, 'Putik 7 (stoneware jar)', '', 'No problem'),
(850, 8, NULL, NULL, 'Putik 8 (stoneware jar)', '', 'No problem'),
(851, 8, NULL, NULL, 'Putik 9 (stoneware jar)', '', 'No problem'),
(852, 8, NULL, NULL, 'Putik/ Bato (stoneware jar)', '', 'With hole'),
(853, 8, NULL, NULL, 'Gusi (Chinese jar)', '', 'With breakage in the cover'),
(854, 8, NULL, NULL, 'Gusi 2 (Chinese jar)', '', 'With breakage'),
(855, 8, NULL, NULL, 'Gusi 3 (Chinese jar)', 'With breakage', ''),
(856, 8, NULL, NULL, 'Boksitan (Porcelain jar with bulging side)', 'With crack', ''),
(857, 8, NULL, NULL, 'Putik (Large stone jar)', 'No problem', ''),
(858, 8, NULL, NULL, 'Gipan 1 (Stripping knife)', '', 'No problem'),
(859, 8, NULL, NULL, 'Gipan 2 (Stripping knife)', '', 'No problem'),
(860, 8, NULL, NULL, 'Hinalong (Double bladed knife/ Dagger)', '', 'No problem'),
(861, 8, NULL, NULL, 'Kaluban (Knife/ Dagger case)', '', 'No problem'),
(862, 8, NULL, NULL, 'Gipan (Multipurpose knife)', '', 'No problem'),
(863, 8, NULL, NULL, 'Gadang 1 (Meat slicer/ cutter)', '', 'No problem'),
(864, 8, NULL, NULL, 'Gadang 2 (Meat slicer/ cutter)', '', 'No problem'),
(865, 8, NULL, NULL, 'Improvised meat cutter', '', 'No problem'),
(866, 8, NULL, NULL, 'Gaman (Mountain Province bolo)', '', 'No problem'),
(867, 8, NULL, NULL, 'Gaman (Mountain Province bolo)', '', 'No problem'),
(868, 8, NULL, NULL, 'Banig set (Benguet bolo with wooden scabbard)', '', '(a) No problem'),
(869, 8, NULL, NULL, 'Banig set (Benguet bolo with wooden scabbard)', '', '(b) With crack'),
(870, 8, NULL, NULL, 'Gaman set (Kalinga long bolo with wooden scabbard)', '', 'No problem'),
(871, 8, NULL, NULL, 'Gaman set (Kalinga long bolo with wooden scabbard)', '', 'No problem'),
(872, 8, NULL, NULL, 'Bolo set (Ifugao bolo with case)', '', 'No problem'),
(873, 8, NULL, NULL, 'Kaluban (Wooden bolo case)', '', 'No problem'),
(874, 8, NULL, NULL, 'Gaman and siket (set, bolo with scabbard)', '', 'No problem'),
(875, 8, NULL, NULL, 'Gaman and siket (set, bolo with scabbard)', '', 'No problem'),
(876, 8, NULL, NULL, 'Banig and siketan (set, ordinary bolo and wooden scabbard)', '', '(a) No problem'),
(877, 8, NULL, NULL, 'Banig and siketan (set, ordinary bolo and wooden scabbard)', '', '(b) With crack'),
(878, 8, NULL, NULL, 'Clay with rattan handle', '', 'No problem'),
(879, 9, NULL, NULL, 'Atag/ Kayad (Sleeping board)', 'Wooden', 'With crack'),
(880, 9, NULL, NULL, 'Cambuli (Flat board and presser)', 'Wooden', 'With crack'),
(881, 9, NULL, NULL, 'Pukok (Storage box)', 'Wooden', 'With crack'),
(882, 9, NULL, NULL, 'Kul-log 1 (Food storage box)', 'Wooden', 'No problem'),
(883, 9, NULL, NULL, 'Kul-log 2 (Food storage box)', 'Wooden', 'With crack'),
(884, 9, NULL, NULL, 'Dadapilan (Sugarcane presser)', 'Wooden', 'With crack'),
(885, 9, NULL, NULL, 'Okisan/ Gilingan di kape (Coffee de-husker or peeler)', 'Wooden', 'With crack'),
(886, 9, NULL, NULL, 'Igadan 1 (Coconut grater)', 'Wooden frame and steel blade', 'No problem'),
(887, 9, NULL, NULL, 'Igadan 2', 'Wooden frame and steel blade', 'With crack'),
(888, 9, NULL, NULL, 'Igadan 3', 'Wooden frame and steel blade', 'No problem'),
(889, 9, NULL, NULL, '(Bench) 1Tukdo-an', 'Wooden', 'No problem'),
(890, 9, NULL, NULL, 'Dalapong 1 (Sitting stool)', 'Wooden', 'With crack and woodborer holes'),
(891, 9, NULL, NULL, 'Dalapong 2', 'Wooden', 'With crack'),
(892, 9, NULL, NULL, 'Dalapong', 'Wooden', 'With crack and woodborer holes'),
(893, 9, NULL, NULL, 'Tukdu-an (Sitting stool)', 'Wooden', 'With breakage'),
(894, 9, NULL, NULL, 'Bangkito/ Tukdu-an (Sitting stool)', 'Wooden', 'With crack and woodborer holes'),
(895, 9, NULL, NULL, 'Chalapong or Dalapong (Sitting stool)', 'Wooden', 'With damage'),
(896, 9, NULL, NULL, 'Tukdo-an 2 (Bench)', 'Wooden', 'With crack'),
(897, 9, NULL, NULL, 'Stool 1', 'Wooden', 'With crack'),
(898, 9, NULL, NULL, 'Stool 2', 'Wooden', 'With crack'),
(899, 9, NULL, NULL, 'Sofa', 'Wooden (black)', 'No problem'),
(900, 9, NULL, NULL, 'Sungkaan (Board for pebble stone game)', 'Wooden', 'No problem'),
(901, 10, NULL, NULL, 'Aklo 1 (Digging spade)', 'Wooden', 'No problem'),
(902, 10, NULL, NULL, 'Aklo 2', 'Wooden', 'No problem'),
(903, 10, NULL, NULL, 'Aklo 3', 'Wooden', 'No problem'),
(904, 10, NULL, NULL, 'Aklo 4', 'Wooden', 'With crack'),
(905, 10, NULL, NULL, 'Sanggap 1 (Digging and cutting tool)', 'L- shaped wooden handle, steel blade', 'With crack'),
(906, 10, NULL, NULL, 'Sanggap 3', 'Wooden handle and steel blade', 'With crack'),
(907, 10, NULL, NULL, 'Sanggap 4', 'Wooden handle and steel blade', 'With crack'),
(908, 10, NULL, NULL, 'Sanggap 5', 'Wooden handle and steel blade', 'With crack'),
(909, 10, NULL, NULL, 'Sanggap 6', 'With metal handle', 'No problem'),
(910, 10, NULL, NULL, 'Sanggap', 'Wooden handle and steel blade', 'No problem'),
(911, 10, NULL, NULL, 'Pako and betad 1 (Yoke with strap)', 'Wooden, with leather rope', 'No problem'),
(912, 10, NULL, NULL, 'Pako and betad 2', 'Wooden, with abaka rope', 'No problem'),
(913, 10, NULL, NULL, 'Pako and betad 3', 'Wooden, with rattan rope', 'With crack'),
(914, 10, NULL, NULL, 'Kumpay 1 (Sickle)', 'Wooden handle and steel blade', 'No problem'),
(915, 10, NULL, NULL, 'Kumpay 2', 'Wooden handle and steel blade', 'No problem'),
(916, 10, NULL, NULL, 'Arado 1 (Plow)', 'Wooden frame and steel blade', 'With crack'),
(917, 10, NULL, NULL, 'Arado 2', 'Wooden frame and steel blade', 'With crack'),
(918, 10, NULL, NULL, 'Sagad (Harrow)', 'Wooden', 'With crack and breakage'),
(919, 10, NULL, NULL, 'Tatay-yaw (Bird scare)', 'Rice straw', 'No problem'),
(920, 10, NULL, NULL, 'Kilaw (Bird scare)', 'Bamboo', 'With broken parts'),
(921, 10, NULL, NULL, 'Pit-ag (Water propelled kilaw shaker)', 'Wood with rope', 'With crack and termite damage at the basement'),
(922, 10, NULL, NULL, 'Lakem 2', 'Wooden handle and metal blade', 'No problem'),
(923, 10, NULL, NULL, 'Lakem 4', 'Wooden handle and metal blade', 'No problem'),
(924, 10, NULL, NULL, 'Lakem 5', 'Wooden handle and metal blade', 'No problem'),
(925, 10, NULL, NULL, 'Lakem 6', 'Wooden handle and metal blade', 'With crack'),
(926, 10, NULL, NULL, 'Lakem 7', 'Wooden handle and metal blade', 'No problem'),
(927, 10, NULL, NULL, 'Lakem 8', 'Wooden handle and metal blade', 'With crack'),
(928, 10, NULL, NULL, 'Lakem 9', 'Wooden handle and metal blade', 'No problem'),
(929, 10, NULL, NULL, 'Lakem 10', 'Wooden handle and metal blade', 'No problem'),
(930, 10, NULL, NULL, 'Lakem 11', 'Wooden handle and metal blade', 'No problem'),
(931, 10, NULL, NULL, 'Lakem 12', 'Wooden handle and metal blade', 'With crack'),
(932, 10, NULL, NULL, 'Lakem 13', 'Wooden handle and metal blade', 'With crack'),
(933, 10, NULL, NULL, 'Iko (Axe-like rice harvesting knife)', 'Wooden handle and metal blade', 'No problem'),
(934, 10, NULL, NULL, 'Ring knife 1', 'Metal', 'No problem'),
(935, 10, NULL, NULL, 'Ring knife 2', 'Metal', 'No problem'),
(936, 10, NULL, NULL, 'Lakem', 'Wooden handle and metal blade', 'With crack'),
(937, 10, NULL, NULL, 'Lakem', 'Wooden handle and metal blade', 'No problem'),
(938, 10, NULL, NULL, 'Lakem 1', 'Wooden handle and metal blade', 'No problem'),
(939, 10, NULL, NULL, 'Shagl/ Dagi (Kalanguya load transport basket) ', 'Bamboo and rattan', 'No problem'),
(940, 10, NULL, NULL, 'Kalawag (Soil transporting basket)', 'Bamboo', 'No problem'),
(941, 10, NULL, NULL, 'Kayabang & tukyod i (Ibaloi back basket with head strap)', 'Bamboo basket with rattan head strap', 'No problem'),
(942, 10, NULL, NULL, 'Labba/ Lagba/ Langaya with pagey/ palay (Head basket for women, with 2 bundles of rice)', 'Bamboo and rattan; rice ears\nbundled with bamboo strips', 'No problem'),
(943, 10, NULL, NULL, 'Labba/ Lagba/ Langaya with pagey/ palay (Head basket for women, with 2 bundles of rice)', 'Bamboo and rattan; rice ears\nbundled with bamboo strips', 'No problem'),
(944, 10, NULL, NULL, 'Labba/ Lagba/ Langaya with pagey/ palay (Head basket for women, with 2 bundles of rice)', 'Bamboo and rattan; rice ears\nbundled with bamboo strips', 'No problem'),
(945, 10, NULL, NULL, 'Kalawag (Female head basket)', '', 'No problem'),
(946, 10, NULL, NULL, 'Luwa/ Nuwa (Female head basket)', 'Bamboo and rattan', 'No problem'),
(947, 10, NULL, NULL, 'Gimata/ Kimata (Male double basket)', 'Bamboo and rattan basket with\nwooden pole', 'With hole, crack, and breakage'),
(948, 11, NULL, NULL, 'Tudong 1 (Rain protector for little girls)', '', 'With woodborer holes'),
(949, 11, NULL, NULL, 'Tudong 2 (Rain protector for teenage girls)', '', 'No problem'),
(950, 11, NULL, NULL, 'Tudong 3 (Rain protector for adult women)', '', 'With breakage'),
(951, 11, NULL, NULL, 'Bangew (Rain protector for men)', '', 'With breakage'),
(952, 11, NULL, NULL, 'Tugawi (Sunshade, doubling as shell collector)', '', 'No problem'),
(953, 11, NULL, NULL, 'Ananga/ Nanga (Anahaw rain protector)', '', 'No problem'),
(954, 11, NULL, NULL, 'Bangew (Bangew fiber rain protector for men)', 'Bangew fibers', 'With breakage'),
(955, 11, NULL, NULL, 'Tadidi/ Kanayi 1 (Rain protector for men)', '', 'No problem'),
(956, 11, NULL, NULL, 'Ananga/ Nanga (Rain protector for men)', 'Bamboo, rattan, and cogon grass', 'No problem'),
(957, 11, NULL, NULL, 'Tukong 2 (Woven hat)', 'Bamboo strips', 'With wood borer holes and breakage'),
(958, 11, NULL, NULL, 'Kadugong 1/ Bastikol/ Takoko (Woven hat)', 'Rattan strips, binali-style weaving', 'With breakage'),
(959, 11, NULL, NULL, 'Hal-lidong/ Talugong (Woven hat)', 'Woven bamboo strips', 'With damaged part'),
(960, 11, NULL, NULL, 'Kalabasa hat', 'Hardened squash', 'With crack'),
(961, 11, NULL, NULL, 'Anahaw hat', 'Anahaw leaves', 'No problem'),
(962, 11, NULL, NULL, 'Buri hat', 'Buri leaves', 'No problem'),
(963, 11, NULL, NULL, 'Kadugong 2 (Woven hat)', 'Bagingey fiber, binali-style weaving', 'No problem'),
(964, 11, NULL, NULL, 'Tukob (Hat)', 'Wooden', 'No problem'),
(965, 11, NULL, NULL, 'Kadugong (Hat)', 'Wooden', 'With crack'),
(966, 12, NULL, NULL, 'Shi-ay (Wild chicken snare)', '', 'No problem'),
(967, 12, NULL, NULL, 'Tawang (Wild bird snare)', '', 'No problem'),
(968, 12, NULL, NULL, 'Bird net (Wild bird catching net)', '', 'No problem'),
(969, 12, NULL, NULL, 'Bird net', '', 'With woodborer holes'),
(970, 12, NULL, NULL, 'Bird net (Wild bird catching net with hook)', '', 'No problem'),
(971, 12, NULL, NULL, 'Bamboo trap for wild animals 1', '', 'No problem'),
(972, 12, NULL, NULL, 'Bamboo trap for wild animals 2', '', 'No problem'),
(973, 12, NULL, NULL, 'Spear 2', '2 barbs, wooden handle with\nmetal head', 'With crack'),
(974, 12, NULL, NULL, 'Spear 4', '2 barbs, wooden handle with\nmetal head', 'With crack'),
(975, 12, NULL, NULL, 'Sinalatgat 1 (Hunting spear)', '2 barbs, wooden handle with\nmetal head', 'No problem'),
(976, 12, NULL, NULL, 'Sinalatgat 2 (Hunting spear)', '3 barbs, wooden handle with\nmetal head', 'No problem'),
(977, 12, NULL, NULL, 'Fish trap', 'With three holes for entry,', 'No problem'),
(978, 12, NULL, NULL, 'Getget 4 (Bait container)', 'bamboo strips', 'No problem'),
(979, 12, NULL, NULL, 'Akgo/ Yakayak 3 (Woven sieve)', 'With rattan ring', 'No problem'),
(980, 12, NULL, NULL, 'Palayaw/ Palagto (Fishing net)', 'Bamboo strips', 'No problem'),
(981, 12, NULL, NULL, 'Palayaw/ Palagto', 'Cotton threads', 'No problem'),
(982, 12, NULL, NULL, 'Ban-niit (Fish hook)', '', 'No problem'),
(983, 12, NULL, NULL, 'Fish net with hook', '', 'No problem'),
(984, 12, NULL, NULL, 'Pana 1 (Sling arrow gun)', '', 'No problem'),
(985, 12, NULL, NULL, 'Pana 2 (Sling arrow gun)', '', 'No problem'),
(986, 12, NULL, NULL, 'Batbateng (Hand-held fishnet)', 'Cotton thread net with bamboo pole handle', 'No problem'),
(987, 12, NULL, NULL, 'Tab-bukol (Deep-water fish net)', 'Cotton thread and lead sinker', 'With tears and unstitched seams'),
(988, 12, NULL, NULL, 'Talakeb 1 (Fish trap)', 'Bamboo and rattan', 'No problem'),
(989, 12, NULL, NULL, 'Talakeb 2', '', 'No problem'),
(990, 12, NULL, NULL, 'Ebas (Eel trap)', 'Bamboo and rattan', 'No problem'),
(991, 12, NULL, NULL, 'Ugat/ Ube/ Gubo (Mudfish trap)', 'Bamboo strips', 'No problem'),
(992, 12, NULL, NULL, 'Pinuwat/ Sinuwat (Mudfish trap variation)', 'Bamboo strips, with open rear', 'No problem'),
(993, 12, NULL, NULL, 'Kalawag/ Akgo 1 (Multi-purpose tray)', 'Bamboo strips and rattan binder', 'No problem'),
(994, 12, NULL, NULL, 'Kalawag/ Akgo 2', 'Bamboo strips and rattan binder', 'No problem'),
(995, 12, NULL, NULL, 'Balikeng/ Bakgeng (Woven basket with cover, waist-strapped)', 'Funnel top cover, bamboo strips', 'No problem'),
(996, 12, NULL, NULL, 'Balikeng/ Bakgeng (Woven basket with cover, waist-strapped)', 'Funnel top cover, bamboo strips', 'No problem'),
(997, 12, NULL, NULL, 'Agkhawin (Woven basket)', 'Bamboo strips', 'No problem'),
(998, 12, NULL, NULL, 'Kipas (Beetle container)', '', 'No problem'),
(999, 12, NULL, NULL, 'Fruit harvesting basket', 'Rattan frame and bamboo strips', 'No problem'),
(1000, 12, NULL, NULL, 'Ekab (Locust container)', 'Woven, rounded, with cover', 'No problem'),
(1001, 12, NULL, NULL, 'Botit (Locust container without cover)', 'Woven, square-shaped', 'No problem'),
(1002, 12, NULL, NULL, 'Botit (Locust container)', 'With cover and strap', 'No problem'),
(1003, 13, NULL, NULL, 'Pataan (Back-strap loom)', 'Various wooden parts and bark backstrap)', 'No problem'),
(1004, 13, NULL, NULL, 'Ruido (For spooling thread into a small bamboo tube)', '', 'With crack'),
(1005, 13, NULL, NULL, 'Puduan 1 (For spooling thread into a big bamboo tube)', '', 'With crack'),
(1006, 13, NULL, NULL, 'Puduan 2', '', 'With crack'),
(1007, 13, NULL, NULL, 'Puduan 3', '', 'With crack'),
(1008, 13, NULL, NULL, 'Gur-onan (For preparation of thread design)', '', 'No problem'),
(1009, 13, NULL, NULL, 'Ul-law (Thread wheel winder)', '', 'No problem'),
(1010, 13, NULL, NULL, 'Bamboo tubes (Pair, for spooling thread)', '', 'No problem'),
(1011, 13, NULL, NULL, 'Bamboo tubes (Pair, for spooling thread)', '', 'No problem'),
(1012, 13, NULL, NULL, 'Sinulid (Thread wound around bamboo tube)', '', 'No problem'),
(1013, 13, NULL, NULL, 'Picosan (Pair, for weaving border design in fabric)', '', 'No problem'),
(1014, 13, NULL, NULL, 'Picosan (Pair, for weaving border design in fabric)', '', 'No problem'),
(1015, 13, NULL, NULL, 'Lad-ditan (For removing seeds from kapok flowers)', '', 'No problem'),
(1016, 13, NULL, NULL, 'Lad-ditan 2', '', 'With crack'),
(1017, 13, NULL, NULL, 'Warangan (Thread mounting frame)', '', 'No problem'),
(1018, 13, NULL, NULL, 'Pagtibian 1 (Thread spinner)', '', 'No problem'),
(1019, 13, NULL, NULL, 'Pagtibian 2', '', 'With breakage'),
(1020, 13, NULL, NULL, 'Pagtibian 3', '', 'No problem'),
(1021, 13, NULL, NULL, 'Maso (Wooden mallet)', '', 'With breakage at the handle'),
(1022, 13, NULL, NULL, 'Tilar 1 (Floor or pedal loom)', 'Wooden frame', 'With cracks'),
(1023, 13, NULL, NULL, 'Tilar 2 ', 'Wooden frame', 'With cracks'),
(1024, 14, NULL, NULL, 'Wasay (Axe)', 'Wooden handle and steel blade', 'No problem'),
(1025, 14, NULL, NULL, 'Pinagada (Adze)', '', 'With crack'),
(1026, 14, NULL, NULL, 'Katam (Wood liner)', 'Wooden frame and steel blade', 'No problem'),
(1027, 14, NULL, NULL, 'Paltik (Wood liner)', 'Wooden frame and cotton string', 'No problem'),
(1028, 14, NULL, NULL, 'Kulokol (Drill)', 'Wood', 'No problem'),
(1029, 14, NULL, NULL, 'Sinsil / Pasek (Chisel)', 'Steel', 'No problem'),
(1030, 14, NULL, NULL, 'Moton 1 (Pulley)', 'Wood', 'With crack'),
(1031, 14, NULL, NULL, 'Moton 2 (Pulley)', 'Wood', 'No problem'),
(1032, 14, NULL, NULL, 'Pangsangal (Mallet)', 'Wood', 'No problem'),
(1033, 14, NULL, NULL, 'Teek (Pick)', 'Narrow pick with wooden handle', 'With crack'),
(1034, 14, NULL, NULL, 'Ragadi/ Lagadi (Japanese hack saw)', '', 'No problem'),
(1035, 14, NULL, NULL, 'Paet 1 (Chisel)', 'Flat, 1.5\" wide blade\"', 'No problem'),
(1036, 14, NULL, NULL, 'Paet 2', 'Flat, 1\" wide blade\"', 'No problem'),
(1037, 14, NULL, NULL, 'Paet 3', 'Concave, 1.5\" wide blade\"', 'No problem'),
(1038, 14, NULL, NULL, 'Paet 4', 'Flat, 1.5\" wide', ' short blade\"'),
(1039, 14, NULL, NULL, 'Paet 5', 'Concave, 1.5\" wide', ' short blade\"'),
(1040, 14, NULL, NULL, 'Pamepeg 1 (Wood mallet)', '', 'With breakage'),
(1041, 14, NULL, NULL, 'Pamepeg 2', '', 'With crack'),
(1042, 14, NULL, NULL, 'Paet 6-10 (Chisel)', 'Metal and hardwood, with assorted blade shapes and length', 'No problem'),
(1043, 14, NULL, NULL, 'Paet 7', '', 'No problem'),
(1044, 14, NULL, NULL, 'Paet 8', '', 'No problem'),
(1045, 14, NULL, NULL, 'Paet 9', '', 'No problem'),
(1046, 14, NULL, NULL, 'Paet 10', '', 'No problem'),
(1047, 14, NULL, NULL, 'Bukong (Malayan forge)', 'Twin-tube wooden bellows', 'No problem'),
(1048, 15, NULL, NULL, 'Galdan with aliddan (Gold ore griner and breaker)', 'Granite', 'No problem'),
(1049, 15, NULL, NULL, 'Galdan with aliddan (Gold ore griner and breaker)', 'Granite', 'No problem'),
(1050, 15, NULL, NULL, 'Charcoal ladle', 'Steel', 'No problem'),
(1051, 15, NULL, NULL, 'Sabak (Sluice pan)', 'Galvanized iron and wood frame', 'With tears/ holes'),
(1052, 15, NULL, NULL, 'Naba 1 (Gold ore set)', '', 'No problem'),
(1053, 15, NULL, NULL, 'Naba 2', '', 'No problem'),
(1054, 15, NULL, NULL, 'Naba 3', '', 'No problem'),
(1055, 15, NULL, NULL, 'Naba 4', '', 'No problem'),
(1056, 15, NULL, NULL, 'Naba 5', '', 'No problem'),
(1057, 15, NULL, NULL, 'Naba 6', '', 'No problem'),
(1058, 15, NULL, NULL, 'Naba 7', '', 'No problem'),
(1059, 15, NULL, NULL, 'Gaid 1 (Hand held stone ore refiner)', '', 'No problem'),
(1060, 15, NULL, NULL, 'Gaid 2', '', 'No problem'),
(1061, 15, NULL, NULL, 'Gaid 4', '', 'No problem'),
(1062, 15, NULL, NULL, 'Palmalbal (Steel mallet)', 'Steel mallet with wooden handle', 'With crack'),
(1063, 15, NULL, NULL, 'Tegteg 1 (Ore crusher)', 'Steel', 'No problem'),
(1064, 15, NULL, NULL, 'Tegteg 2 (Ore crusher)', 'Stone', 'No problem'),
(1065, 15, NULL, NULL, 'Yogoyog (Ore strainer)', 'Galvanized flat iron', 'No problem'),
(1066, 15, NULL, NULL, 'Dutdut (Feather duster)', '', 'No problem'),
(1067, 15, NULL, NULL, 'Antlokos (Screen goggle)', '', 'No problem'),
(1068, 15, NULL, NULL, 'Baliwengweeng (Ore holder)', '', 'No problem'),
(1069, 15, NULL, NULL, 'Gangi 1 (Saucer)', 'Clay', 'With crack'),
(1070, 15, NULL, NULL, 'Gangi 2', '', 'No problem'),
(1071, 15, NULL, NULL, 'Gangi 3', '', 'No problem'),
(1072, 15, NULL, NULL, 'Gangi 4', '', 'With crack'),
(1073, 15, NULL, NULL, 'Lugaba (Powdered gold ore)', '', 'No problem'),
(1074, 15, NULL, NULL, 'Ngamoy (Refined gold ore powder)', '', 'No problem'),
(1075, 15, NULL, NULL, 'Lumpara (Carbide \"kalburo\"\" lamp)\"', 'Metal', 'No problem'),
(1076, 15, NULL, NULL, 'Gangi set', '', 'No problem'),
(1077, 15, NULL, NULL, 'Gangi set', '', 'No problem'),
(1078, 16, NULL, NULL, 'Bayuka/ Baliw-a 1 (Pig\'s food through)', 'Dugout wood', 'With crack'),
(1079, 16, NULL, NULL, 'Bayuka/ Baliw-a 2', 'Dugout wood', 'With crack and hole'),
(1080, 16, NULL, NULL, 'Bayuka/ Baliw-a 3', 'Dugout wood', 'With breakage'),
(1081, 16, NULL, NULL, 'Payong (Bulk dipper)', 'Carved wood', 'With crack'),
(1082, 16, NULL, NULL, 'Suyong (Funnel)', 'Carved wood', 'With crack'),
(1083, 16, NULL, NULL, 'Laybod 1 (Pail for hog food)', 'Carved wood', 'With crack and rotten part'),
(1084, 16, NULL, NULL, 'Laybod 2', 'Carved wood, with wire handle', 'With crack'),
(1085, 16, NULL, NULL, 'Laybod 3', 'Carved wood, with built- in h older', 'With crack'),
(1086, 16, NULL, NULL, 'Kubi 1 (Chicken coop)', 'Woven bamboo strips', 'No problem'),
(1087, 16, NULL, NULL, 'Kubi 2', 'Woven bamboo strips', 'No problem'),
(1088, 16, NULL, NULL, 'Biki 1 (Chicken coop)', 'Woven bamboo strips', 'No problem'),
(1089, 16, NULL, NULL, 'Biki 2', 'Woven bamboo strips', 'No problem'),
(1090, 16, NULL, NULL, 'Kalalaw (Large chicken coop)', 'Woven bamboo strips', 'No problem'),
(1091, 16, NULL, NULL, 'Bamboo chime (for calling hogs)', 'Bamboo tubes', 'No problem'),
(1092, 16, NULL, NULL, 'Uway (Animal rope)', 'Rattan fibers', 'No problem'),
(1093, 16, NULL, NULL, 'Tadi (Cockfighting blade set)', 'Metal blade and cotton string', 'No problem'),
(1094, 17, NULL, NULL, 'Ga\'dang tabayag 1 (Lime tube)', 'Bamboo tube with fabric and beads', 'No problem'),
(1095, 17, NULL, NULL, 'Ga\'dang tabayag 2', 'Bamboo tube with fabric and beads', 'No problem'),
(1096, 17, NULL, NULL, 'Tabayag 1 (Lime tube)', 'Bone with surface carving', 'No problem'),
(1097, 17, NULL, NULL, 'Tabayag 2', 'Bone with surface carving', 'No problem'),
(1098, 17, NULL, NULL, 'Tabayag 3 (Lime tube)', 'Bone with surface carving', 'No problem'),
(1099, 17, NULL, NULL, 'Tabayag 1', 'Deer horn', 'No problem'),
(1100, 17, NULL, NULL, 'Tabayag 2', 'Bamboo tube', 'No problem'),
(1101, 17, NULL, NULL, 'Tabayag 3 (Lime tube)', 'Bamboo tube', 'No problem'),
(1102, 17, NULL, NULL, 'Tabayag 4', 'Bamboo tube', 'No problem'),
(1103, 17, NULL, NULL, 'Almeres 1 (mortar and pestle for grinding areca nut)', 'Stone set', 'No problem'),
(1104, 17, NULL, NULL, 'Almeres 1 (mortar and pestle for grinding areca nut)', 'Stone set', 'No problem'),
(1105, 17, NULL, NULL, 'Betel nut case', 'Woven rattan box', 'No problem'),
(1106, 17, NULL, NULL, 'Brass betel quid container', 'Rectangular box with three compartments and cover', 'No problem'),
(1107, 17, NULL, NULL, 'Brass betel quid container', 'Oblong box with cover', 'No problem'),
(1108, 17, NULL, NULL, 'Betel nut case', 'Woven rattan box', 'No problem'),
(1109, 17, NULL, NULL, 'Taliwan 1 (Lime case)', 'Wooden', 'No problem'),
(1110, 17, NULL, NULL, 'Taliwan 2', 'Wooden', 'No problem'),
(1111, 17, NULL, NULL, 'Taliwan 3 (Betel nut case)', 'Wooven bamboo box', 'With breakage at the basement'),
(1112, 17, NULL, NULL, 'Betel nut chewing paraphernalia', 'Set of 4 pcs', 'No problem'),
(1113, 17, NULL, NULL, 'Betel nut case 1 ', 'Woven rattan box', 'No problem'),
(1114, 17, NULL, NULL, 'Suako/ Babanga 1 (pipe)', 'Ceramic and wood', 'No problem'),
(1115, 17, NULL, NULL, 'Suako/ Babanga 2', 'Brass and wood', 'No problem'),
(1116, 17, NULL, NULL, 'Suako/ Babanga 3', 'Wood', 'No problem'),
(1117, 17, NULL, NULL, 'Suako/ Babanga 4', 'Wood', 'No problem'),
(1118, 17, NULL, NULL, 'Suako/ Babanga 5', 'Wood', 'With crack'),
(1119, 17, NULL, NULL, 'Suako/ Babanga 6', 'Brass', 'No problem'),
(1120, 17, NULL, NULL, 'Apagan/ Taug (Serving bowl)', 'Coconut shell', 'No problem'),
(1121, 18, NULL, NULL, 'gayang 1 (Spear cum cane)', 'Wooden shaft and metal blade', 'No problem'),
(1122, 18, NULL, NULL, 'Gayang 2', 'Wooden shaft and metal blade', 'No problem'),
(1123, 18, NULL, NULL, 'Tubay 1/ Bangkaw 1 (Spear)', 'Wooden shaft and metal blade', 'No problem'),
(1124, 18, NULL, NULL, 'Tubay 2', 'Wooden shaft and metal blade', 'No problem'),
(1125, 18, NULL, NULL, 'Tubay 3', 'Wooden shaft and metal blade', 'No problem'),
(1126, 18, NULL, NULL, 'Bangkaw', 'Wooden shaft and metal blade', 'No problem'),
(1127, 18, NULL, NULL, 'Spear 5', 'Wooden shaft and metal blade', 'With crack'),
(1128, 18, NULL, NULL, 'Spear ', 'Wooden shaft and metal blade', 'No problem'),
(1129, 18, NULL, NULL, 'Spear ', 'Wooden shaft and metal blade', 'No problem'),
(1130, 18, NULL, NULL, 'Spear ', 'Wooden shaft and metal blade (held by male in Ifugao couple wood carving set)', 'No problem'),
(1131, 18, NULL, NULL, 'Kalasag 3', 'Wood', 'With woodborer holes'),
(1132, 18, NULL, NULL, 'Kalasag 4/ Kalasay', 'Wood', 'With crack and breakage'),
(1133, 18, NULL, NULL, 'Kalasag 6', 'Wood', 'With crack and woodborer holes'),
(1134, 18, NULL, NULL, 'Kalasag 7', 'Wood', 'No problem'),
(1135, 18, NULL, NULL, 'Kalasag 8', 'Wood', 'With crack and breakage'),
(1136, 18, NULL, NULL, 'Kalasag 1', 'Wood', 'No problem'),
(1137, 18, NULL, NULL, 'Kalasag 2', 'Wood', 'No problem'),
(1138, 18, NULL, NULL, 'Kalasag 3', 'Wood', 'No problem'),
(1139, 18, NULL, NULL, 'Kalasag 1 (Shield)', 'Wood', 'With woodborer holes'),
(1140, 18, NULL, NULL, 'Kalasag 2', 'Wood', 'With crack and breakage'),
(1141, 18, NULL, NULL, 'Sinawit (Head axe)', 'Steel blade and wood handle', 'No problem'),
(1142, 18, NULL, NULL, 'Sinawit 2', 'Steel blade and wood handle', 'No problem'),
(1143, 18, NULL, NULL, 'Sinawit 3', 'Steel blade and wood handle', 'No problem'),
(1144, 18, NULL, NULL, 'Sinawit 4/ Kadungah/ Pin-nang', 'Steel blade and wood handle', 'No problem'),
(1145, 18, NULL, NULL, 'Pin-nang 1', 'Steel blade and wood handle', 'No problem'),
(1146, 18, NULL, NULL, 'Pin-nang 2', 'Steel blade and wood handle', 'No problem'),
(1147, 18, NULL, NULL, 'Pin-nang 3', 'Steel blade and wood handle', 'No problem'),
(1148, 18, NULL, NULL, 'Pin-nang 4', 'Steel blade and wood handle', 'No problem'),
(1149, 18, NULL, NULL, 'Sinawit 1 (Head axe)', 'Steel blade and wood handle', 'No problem'),
(1150, 18, NULL, NULL, 'Pana (Arrow & quiver)', 'Stick with steel tip, feather flight and bamboo tube quiver', 'No problem'),
(1151, 18, NULL, NULL, 'Pana (Bow & arrow)', 'Buri bow with bark string and stick shaft with feather flight', 'No problem'),
(1152, 19, NULL, NULL, 'Kalong/ Kolong (Dug-out coffin)', 'Wood', 'With crack woodborer holes'),
(1153, 19, NULL, NULL, 'Kaleb di lungon (Child coffin\'s cover)', 'Wood', 'No problem'),
(1154, 19, NULL, NULL, 'Padaw (Burial marker)', 'Wood', 'With crack and woodborer holes'),
(1155, 19, NULL, NULL, 'Tung-an di puyong di ipugaw (Human leg bones)', '', 'No problem'),
(1156, 19, NULL, NULL, 'Tung-an di puyong di ipugaw (Human leg bones)', '', 'No problem'),
(1157, 19, NULL, NULL, 'Human skull 1', '', 'No problem'),
(1158, 19, NULL, NULL, 'Human skull 2', 'Trophy during era of head hunting', 'No problem'),
(1159, 19, NULL, NULL, 'Igorot mummy', 'Paper mache of an actual mummy size', 'No problem'),
(1160, 19, NULL, NULL, 'Burial cave jar relic', 'Jar fragment', 'Breakage'),
(1161, 19, NULL, NULL, 'Bangibang 6', '', 'No problem'),
(1162, 19, NULL, NULL, 'Bangibang (Ifugao funeral clapper for murdered person)', 'Wood with rattan handle', 'With breakage'),
(1163, 19, NULL, NULL, 'Pekkeng or Pakengkeng (Funeral clapper)', 'Wood with rattan handle', 'With crack and breakage'),
(1164, 19, NULL, NULL, 'Bangibang 1 (Ifugao funeral clapper for murdered person)', 'Wood ', 'No problem'),
(1165, 19, NULL, NULL, 'Bangibang 2', '', 'With crack and breakage'),
(1166, 19, NULL, NULL, 'Bangibang 3', '', 'No problem'),
(1167, 19, NULL, NULL, 'Bangibang 4', '', 'No problem'),
(1168, 19, NULL, NULL, 'Bangibang 5', '', 'No problem'),
(1169, 20, NULL, NULL, 'Photos of traditional attires 1', '1 large frame', 'No problem'),
(1170, 20, NULL, NULL, 'Photos of traditional attires 2', 'Set of 6 small frames', 'No problem'),
(1171, 20, NULL, NULL, 'Photos of traditional attires 2', 'Set of 6 small frames', 'No problem'),
(1172, 20, NULL, NULL, 'Photos of traditional attires 2', 'Set of 6 small frames', 'No problem'),
(1173, 20, NULL, NULL, 'Photos of traditional attires 2', 'Set of 6 small frames', 'No problem'),
(1174, 20, NULL, NULL, 'Photos of traditional attires 2', 'Set of 6 small frames', 'No problem'),
(1175, 20, NULL, NULL, 'Photos of traditional attires 2', 'Set of 6 small frames', 'No problem'),
(1176, 20, NULL, NULL, 'Photos of Kalinga folk healing', '1 large frame', 'No problem'),
(1177, 20, NULL, NULL, 'Photos of traditional rituals', '1 large frame', 'No problem'),
(1178, 20, NULL, NULL, 'Photos of Masferre and Hafalla', '1 large frame', 'No problem'),
(1179, 20, NULL, NULL, 'Photos of traditional weaving', '1 large frame', 'No problem'),
(1180, 20, NULL, NULL, 'Photos of funeral practices (Bakun, Benguet)', '1 large frame', 'No problem'),
(1181, 20, NULL, NULL, 'Photos of Cordillera burial practices by Fits Quintin', '11 frames of various sizes', 'No problem'),
(1182, 20, NULL, NULL, 'Photos of agricultural practices by Masferre (Mountain Province folkways)', '1 large frame', 'No problem'),
(1183, 20, NULL, NULL, 'Photos of body art tattoos', '1 large frame', 'No problem'),
(1184, 20, NULL, NULL, 'Photos of Cordillera rice terraces by Fitz Quintin', '5 photos in a frame', 'No problem'),
(1185, 20, NULL, NULL, 'Photos of Igorot mummies', '1 large frame', 'No problem'),
(1186, 20, NULL, NULL, 'Photos of Cordillera traditional music and dance', '1 large frame', 'No problem'),
(1187, 20, NULL, NULL, '\"Cordillera house architecture:\"\" pencil sketches by Charles Picpican\"', '8 frames', 'No problem'),
(1188, 20, NULL, NULL, '\"Cordillera house architecture:\"\" pencil sketches by Charles Picpican\"', '9 frames', 'No problem'),
(1189, 20, NULL, NULL, '\"Cordillera house architecture:\"\" pencil sketches by Charles Picpican\"', '10 frames', 'No problem'),
(1190, 20, NULL, NULL, '\"Cordillera house architecture:\"\" pencil sketches by Charles Picpican\"', '11 frames', 'No problem'),
(1191, 20, NULL, NULL, '\"Cordillera house architecture:\"\" pencil sketches by Charles Picpican\"', '12 frames', 'No problem'),
(1192, 20, NULL, NULL, '\"Cordillera house architecture:\"\" pencil sketches by Charles Picpican\"', '13 frames', 'No problem'),
(1193, 20, NULL, NULL, '\"Cordillera house architecture:\"\" pencil sketches by Charles Picpican\"', '14 frames', 'No problem'),
(1194, 20, NULL, NULL, '\"Cordillera house architecture:\"\" pencil sketches by Charles Picpican\"', '15 frames', 'No problem'),
(1195, 21, NULL, NULL, 'Ijang tool 1', 'Flat rounded stone with depression at the middle', 'No problem'),
(1196, 21, NULL, NULL, 'Ijang tool 2', 'Flat rounded stone with depression at the middle top', 'No problem'),
(1197, 21, NULL, NULL, 'Ijang tool 3', 'Flat rounded stone with depression at the middle top', 'No problem'),
(1198, 21, NULL, NULL, 'Ijang tool 4', 'Elongated stone weapon with depression', 'No problem'),
(1199, 21, NULL, NULL, 'Ijang tool 5', 'Elongated stone weapon with depression', 'No problem'),
(1200, 21, NULL, NULL, 'Ijang tool 6', 'Elongated stone weapon with depression', 'No problem'),
(1201, 21, NULL, NULL, 'Ijang tool 7', 'Elongated stone weapon with depression', 'No problem'),
(1202, 21, NULL, NULL, 'Ijang tool 8', 'Elongated stone weapon with depression', 'No problem'),
(1203, 21, NULL, NULL, 'Stone skinning tool', 'Micro lithic stone tool', 'No problem'),
(1204, 21, NULL, NULL, 'Arrow head', 'Neolithic stone tool', 'No problem'),
(1205, 21, NULL, NULL, 'Boga', 'Shell rock', 'No problem'),
(1206, 21, NULL, NULL, 'Palidan (Whetstone)', '', 'No problem'),
(1207, 21, NULL, NULL, 'Ijang 4', 'Flat rounded top', 'No problem'),
(1208, 22, NULL, NULL, 'Lingob 1 (Mangyan loin cloth)', 'Bark cloth', 'With tears'),
(1209, 22, NULL, NULL, 'Lingob 2', 'Bark cloth', 'With tears'),
(1210, 22, NULL, NULL, 'Harbor light keeper (Ivatan)', 'Clay', 'With breakage at the lid'),
(1211, 22, NULL, NULL, 'Lampara 1 (Ivatan oil lamp)', 'Clay', 'No problem'),
(1212, 22, NULL, NULL, 'Lampara 2 (Ivatan oil lamp)', 'Clay', 'No problem'),
(1213, 22, NULL, NULL, 'Vakkul 1 (Ivatan rain protector for women)', 'Plant fiber', ''),
(1214, 22, NULL, NULL, 'Tukong (Kapampangan woven hat)', 'Bamboo strips', ''),
(1215, 22, NULL, NULL, 'Gilingan (Rice grinder from Nueva Ecija)', 'Carved stone', 'No problem'),
(1216, 23, NULL, NULL, '', '', ''),
(1217, 23, NULL, NULL, 'Family tree - Mayoyao, Ifugao (by Fr. Lambrecht, CICM)', '1 large frame', 'No problem'),
(1218, 23, NULL, NULL, 'Fr. Seraphin Devesse, CICM: Keeping the flame of mission burning', '1 large frame', 'No problem'),
(1219, 23, NULL, NULL, 'San Roque (Saint Rock or Roch)', 'Carved image', 'With crack and wood borer holes'),
(1220, 23, NULL, NULL, 'San Pedro & San Pablo (Saint peter & Saint Paul)', 'Carved image', 'With crack at the basement'),
(1221, 23, NULL, NULL, 'San Vicente Ferrer (St. Vincent Ferrer, 1350-1419)', 'Carved image', 'With breakage at the wings'),
(1222, 23, NULL, NULL, 'San Vicente Ferrer', 'Carved image', 'No problem'),
(1223, 23, NULL, NULL, 'San Vicente Ferrer', 'Carved image', 'With crack at the basement'),
(1224, 23, NULL, NULL, 'San Isidro Labrador (Saint Isidore the Worker, 1070-1130)', 'Carved image', 'With crack'),
(1225, 23, NULL, NULL, '', 'Carved image', 'Hands missing, breakage at the basement'),
(1226, 23, NULL, NULL, 'Unidentified saint', 'Carved image', 'With crack'),
(1227, 23, NULL, NULL, 'An Apostle\'s Bust', 'Carved image', 'With crack'),
(1228, 23, NULL, NULL, 'San Agustin (Saint Augustine, 354-430)', 'Carved image', 'No problem'),
(1229, 23, NULL, NULL, 'San Agustin', 'Carved image', 'Hands missing'),
(1230, 23, NULL, NULL, 'San Antonio De Padua (St. Anthony of Padua)', 'Carved image', 'With crack at the basement'),
(1231, 23, NULL, NULL, 'Sto. Nino bust', 'Carved image', 'No problem'),
(1232, 23, NULL, NULL, 'Sto. Nino de Cebu', 'Carved image', 'No problem'),
(1233, 23, NULL, NULL, 'Sto. Nino', 'Carved image', 'With crack'),
(1234, 23, NULL, NULL, 'Christ\'s Head', 'Carved image', 'With crack and breakage'),
(1235, 23, NULL, NULL, 'Santa Pacencia with Nuestro Senor (Our Lady of Presentation)', 'Carved image', 'With crack and wood borer holes and breakage (inactive)'),
(1236, 23, NULL, NULL, 'The Holy Family', 'Carved image', 'Hands missing'),
(1237, 23, NULL, NULL, 'The Holy Spirit', 'Carved image', 'With breakage at the wings'),
(1238, 23, NULL, NULL, 'Apo Resureccion (The Risen Christ)', 'Carved image', 'With crack at the basement'),
(1239, 23, NULL, NULL, 'The Flagellation of Christ', 'Carved image', 'With breakage at the basement'),
(1240, 23, NULL, NULL, 'The Holy Trinity', 'Carved image', 'With woodborer holes and breakage (inactive)'),
(1241, 23, NULL, NULL, '', 'Carved image', 'With breakage at the basement'),
(1242, 23, NULL, NULL, 'The Crucified Christ 1', 'Carved image', 'Hands missing'),
(1243, 23, NULL, NULL, 'The Crucified Christ 2', 'Carved image', 'Right hand missing'),
(1244, 23, NULL, NULL, 'The Crucified Christ 3', 'Carved image', 'With breakage at the fingers'),
(1245, 23, NULL, NULL, 'The Crucified Christ 4', 'Carved image', 'Hands missing'),
(1246, 23, NULL, NULL, 'The Crucified Christ 5', 'Carved image', 'No problem'),
(1247, 23, NULL, NULL, 'The Crucified Christ 6', 'Carved image', 'Hands missing'),
(1248, 23, NULL, NULL, 'The Crucified Christ 7', 'Carved image', 'Hands missing'),
(1249, 23, NULL, NULL, 'The Crucified Christ 8', 'Carved image', 'With crack'),
(1250, 23, NULL, NULL, 'The Crucified Christ 9', 'Carved image', 'Hands missing'),
(1251, 23, NULL, NULL, 'Mother Mary 1', 'Carved image', 'No problem'),
(1252, 23, NULL, NULL, 'Mother Mary 2', 'Carved image', 'Hands missing'),
(1253, 23, NULL, NULL, 'Mother Mary 3', 'Carved image', 'Hands missing, with breakage at the basement'),
(1254, 23, NULL, NULL, 'Mother Mary 4', 'Carved image', 'Hands missing'),
(1255, 23, NULL, NULL, 'Mother Mary 5', 'Carved image', 'With crack and breakage'),
(1256, 23, NULL, NULL, 'Mother Mary 6', 'Carved image', 'Hands missing and breakage at the basement'),
(1257, 23, NULL, NULL, 'Mother Mary ', 'Carved image', 'With breakage at the basement'),
(1258, 23, NULL, NULL, 'Mother Mary ', 'Carved image', 'Hands missing'),
(1259, 23, NULL, NULL, 'Mother Mary ', 'Carved image', 'Hands missing'),
(1260, 23, NULL, NULL, 'La Purisima Concepcion', 'Carved image', 'With woodborer holes at basement (inactive)'),
(1261, 23, NULL, NULL, 'La Purisima Concepcion', 'Carved image', 'With woodborer holes at the basement (inactive)'),
(1262, 23, NULL, NULL, 'La Purisima Concepcion', 'Carved image', 'Hands missing'),
(1263, 23, NULL, NULL, 'The Crucified Christ', 'Carved image', 'No problem'),
(1264, 23, NULL, NULL, '', 'Carved image', 'No problem'),
(1265, 23, NULL, NULL, 'Mother Mary', 'Carved image', 'With breakage at the head'),
(1266, 23, NULL, NULL, 'Mother Mary', 'Carved image', 'With crack at the basement'),
(1267, 23, NULL, NULL, 'Mother Mary & Jesus', 'Carved image', 'With broken hands'),
(1268, 23, NULL, NULL, 'Mother Mary', 'Carved image', 'With crack'),
(1269, 23, NULL, NULL, '', 'Carved image', 'Right hand missing'),
(1270, 23, NULL, NULL, '', 'Carved image', 'Hands broken'),
(1271, 23, NULL, NULL, '', 'Carved image', 'No problem'),
(1272, 23, NULL, NULL, '', 'Carved image', 'No problem'),
(1273, 23, NULL, NULL, '', 'Carved image', 'Hands missing and broken feet'),
(1274, 23, NULL, NULL, 'The Crucified Christ', 'Carved image', 'Hands missing'),
(1275, 23, NULL, NULL, 'The Crucified Christ', 'Carved image', 'Left hand missing'),
(1276, 23, NULL, NULL, '', 'Carved image', 'Hands missing and broken feet'),
(1277, 23, NULL, NULL, '', 'Carved image', 'Hands missing'),
(1278, 23, NULL, NULL, '', 'Carved image', 'Hands missing'),
(1279, 23, NULL, NULL, '', 'Carved image', 'Hands missing'),
(1280, 23, NULL, NULL, 'Scapula', 'Cloth, cotton cord', 'No problem'),
(1281, 23, NULL, NULL, 'Rosary chain', 'Knotted cotton cord', 'No problem'),
(1282, 23, NULL, NULL, 'San Jose (Saint Joseph)', 'Carved image', 'No problem'),
(1283, 23, NULL, NULL, 'Rosary beads and pendant', 'Beads crucifx', 'No problem'),
(1284, 23, NULL, NULL, 'Mother Mary & Child pendant', 'Plaster of paris', 'With breakage'),
(1285, 23, NULL, NULL, 'Rose cord', 'Cotton cord', 'No problem'),
(1286, 23, NULL, NULL, 'Crucifix', 'Carved image', 'With crack at the basement'),
(1287, 23, NULL, NULL, 'Retablo', 'Carved image', 'With crack and breakage'),
(1288, 23, NULL, NULL, 'Psalter of the holy week', 'Linen, silk cloth and paper', 'With torn pages'),
(1289, 23, NULL, NULL, 'Lady Madonna and Child', 'Carved image', 'With crack at the basement'),
(1290, 23, NULL, NULL, 'San Lorenzo Ruiz', 'Carved image', 'No problem'),
(1291, 23, NULL, NULL, 'Santo Pedro Calungsod', 'Carved image', 'No problem'),
(1292, 23, NULL, NULL, 'San Roque (Retablo of Saint Rock of Roch', 'Carved image', 'With crack, hole, and breakage'),
(1293, 23, NULL, NULL, 'Mother Mary', 'Carved image', 'No problem (a) With broken hand (b)'),
(1294, 23, NULL, NULL, 'Old CICM pictures', '15 pcs.', 'No problem');

-- --------------------------------------------------------

--
-- Table structure for table `catalogue`
--

DROP TABLE IF EXISTS `catalogue`;
CREATE TABLE IF NOT EXISTS `catalogue` (
  `catalogue_id` int(11) NOT NULL,
  `section_id` int(11) NOT NULL,
  `catalogue_name` text NOT NULL,
  PRIMARY KEY (`catalogue_id`),
  KEY `catsection_idx` (`section_id`)
) ENGINE=InnoDB DEFAULT CHARSET=utf8mb4;

--
-- Dumping data for table `catalogue`
--

INSERT INTO `catalogue` (`catalogue_id`, `section_id`, `catalogue_name`) VALUES
(1, 1, 'Traditional wood arts'),
(2, 1, 'Contemporary wood arts'),
(3, 2, 'Gongs and drums'),
(4, 2, 'Flute (nose and mouth)'),
(5, 2, 'Tambi (bamboo stringed percussion)'),
(6, 2, 'Kulit-tong (bamboo guitar/ zither)'),
(7, 2, 'Kubing/ Kuding/ Ul-libew/ Aspitong (Jaw\'s harp)'),
(8, 2, 'Tal-lak (Bakun wooden percussion instrument)'),
(9, 2, 'Patatag (bamboo musical blades)'),
(10, 2, 'Bungkaka/ Balingbing (bamboo buzzer), Pak-kong/ Pakgong (Ibaloi devil chaser)'),
(11, 2, 'Diwdiw-as (pan pipe)'),
(12, 2, 'Sagaypo (peace flute/ bamboo whistle)'),
(13, 2, 'Tungatong (bamboo stomping tubes)'),
(14, 2, 'Pitang-gok (half bamboo striking tube)'),
(15, 2, 'Ageldang/ Akelshang (Wood guitar)'),
(16, 2, 'Tangguyob (Carabao horn)'),
(17, 2, 'Other musical instruments'),
(18, 3, 'Male attire'),
(19, 3, 'Female attire'),
(20, 3, 'Blankets'),
(21, 3, 'Others'),
(22, 4, 'Male adornments'),
(23, 4, 'Female adornments'),
(24, 6, 'Sacred figurines'),
(25, 6, 'Ritual objects'),
(26, 6, 'Offering boxes and vessels'),
(27, 6, 'Status symbols'),
(28, 8, 'Rice-husking implements'),
(29, 8, 'Food containers and storage bins'),
(30, 8, 'Cooking and dining utensils'),
(31, 8, 'Food processing equipment'),
(32, 8, 'Water vessels and alcohol fermenting jars '),
(33, 8, 'Knives/ Cutting implements '),
(34, 8, 'Contemporary items '),
(35, 10, 'General tools'),
(36, 10, 'Rice-harvesting knives '),
(37, 10, 'Burden baskets '),
(38, 12, 'Hunting implements '),
(39, 12, 'Fishing implements '),
(40, 12, 'Food gathering tools'),
(41, 14, 'Carpentry tools'),
(42, 14, 'Wood carving tools'),
(43, 14, 'Blacksmithing tools'),
(44, 17, 'Betel nut chewing '),
(45, 17, 'Tobacco smoking'),
(46, 17, 'Drinking paraphernelia'),
(47, 22, 'Traditional items'),
(48, 22, 'Contemporary items '),
(49, 23, 'CICM Memorabilla '),
(50, 23, 'Writings and artworks of CICMs'),
(51, 23, 'Artwork collection by CICMs'),
(52, 23, 'Lowland Christian religous items (Special collections of Fr. Lode Wostyn, CICM)'),
(53, 23, 'Photograph collections');

-- --------------------------------------------------------

--
-- Table structure for table `section`
--

DROP TABLE IF EXISTS `section`;
CREATE TABLE IF NOT EXISTS `section` (
  `section_id` int(11) NOT NULL AUTO_INCREMENT,
  `section_name` text NOT NULL,
  PRIMARY KEY (`section_id`)
) ENGINE=InnoDB AUTO_INCREMENT=24 DEFAULT CHARSET=utf8mb4;

--
-- Dumping data for table `section`
--

INSERT INTO `section` (`section_id`, `section_name`) VALUES
(1, 'Wood arts'),
(2, 'Musical instruments'),
(3, 'Clothing and textiles'),
(4, 'Personal adornments and status symbols'),
(5, 'Bags and accessories'),
(6, 'Spirituality and ritual'),
(7, 'House architectures'),
(8, 'Household and kitchen utensils'),
(9, 'Furniture and equipment'),
(10, 'Farming tools'),
(11, 'Rain protection/sun shades'),
(12, 'Hunting, fishing, and food-gathering implement'),
(13, 'Fabric weaving implements'),
(14, 'Carpentry, woodcarving & blacksmithing tools'),
(15, 'Gold mining and processing tools'),
(16, 'Animal rising implements'),
(17, 'Betel nut chewing/tobacco smoking/drinking implements'),
(18, 'Weaponry/armaments'),
(19, 'Funerary articles'),
(20, 'Photographs, paintings and sketches of Igorot folk life'),
(21, 'Prehistoric stone tools'),
(22, 'Collections from other Filipino ethnic groups'),
(23, 'CICM Collections');

-- --------------------------------------------------------

--
-- Table structure for table `subcatalogue`
--

DROP TABLE IF EXISTS `subcatalogue`;
CREATE TABLE IF NOT EXISTS `subcatalogue` (
  `subcat_id` int(11) NOT NULL,
  `catalogue_id` int(11) NOT NULL,
  `subcat_name` text NOT NULL,
  PRIMARY KEY (`subcat_id`),
  KEY `subcatalogue_idx` (`catalogue_id`)
) ENGINE=InnoDB DEFAULT CHARSET=utf8mb4;

--
-- Dumping data for table `subcatalogue`
--

INSERT INTO `subcatalogue` (`subcat_id`, `catalogue_id`, `subcat_name`) VALUES
(1, 2, 'Stand-alone carvings'),
(2, 2, 'Miniature diorama'),
(3, 2, 'Stylized furniture'),
(4, 2, 'Surface carvings'),
(5, 2, 'Wood painting'),
(6, 29, 'Food Containers'),
(7, 29, 'Storage bins and baskets'),
(8, 30, 'Trays, bowls, saucers and plates'),
(9, 30, 'Spoons, dippers, ladies, strainers, and ceramics'),
(10, 30, 'Lunch baskets'),
(11, 30, 'Cooking pots');

--
-- Constraints for dumped tables
--

--
-- Constraints for table `artifact_info`
--
ALTER TABLE `artifact_info`
  ADD CONSTRAINT `articat` FOREIGN KEY (`catalogue_id`) REFERENCES `catalogue` (`catalogue_id`) ON DELETE CASCADE ON UPDATE CASCADE,
  ADD CONSTRAINT `artisect` FOREIGN KEY (`subcat_id`) REFERENCES `subcatalogue` (`subcat_id`) ON DELETE CASCADE ON UPDATE CASCADE,
  ADD CONSTRAINT `artisubcat` FOREIGN KEY (`subcat_id`) REFERENCES `subcatalogue` (`subcat_id`) ON DELETE CASCADE ON UPDATE CASCADE;

--
-- Constraints for table `catalogue`
--
ALTER TABLE `catalogue`
  ADD CONSTRAINT `catsection` FOREIGN KEY (`section_id`) REFERENCES `section` (`section_id`) ON DELETE CASCADE ON UPDATE CASCADE;

--
-- Constraints for table `subcatalogue`
--
ALTER TABLE `subcatalogue`
  ADD CONSTRAINT `subcatalogue` FOREIGN KEY (`catalogue_id`) REFERENCES `catalogue` (`catalogue_id`) ON DELETE CASCADE ON UPDATE CASCADE;
COMMIT;

/*!40101 SET CHARACTER_SET_CLIENT=@OLD_CHARACTER_SET_CLIENT */;
/*!40101 SET CHARACTER_SET_RESULTS=@OLD_CHARACTER_SET_RESULTS */;
/*!40101 SET COLLATION_CONNECTION=@OLD_COLLATION_CONNECTION */;
